IP 地址,已发送,已接收,丢包率,平均延迟,下载速度(MB/s),地区码
172.64.93.5,4,4,0.00,1.48,469.50,SJC
104.24.214.88,4,4,0.00,1.47,415.73,SJC
172.66.158.41,4,4,0.00,1.48,388.98,SJC
104.24.88.34,4,4,0.00,1.50,350.87,SJC
104.24.5.171,4,4,0.00,1.47,323.84,SJC
104.24.251.12,4,4,0.00,1.49,308.73,SJC
104.24.162.230,4,4,0.00,1.47,300.43,SJC
104.25.94.189,4,4,0.00,1.47,293.73,SJC
104.25.90.32,4,4,0.00,1.50,283.55,SJC
104.24.198.133,4,4,0.00,1.48,243.13,SJC
104.25.149.103,4,4,0.00,3.85,0.00,N/A
172.67.141.235,4,4,0.00,3.91,0.00,N/A
104.25.81.149,4,4,0.00,1.51,0.00,N/A
104.24.217.164,4,4,0.00,1.52,0.00,N/A
104.25.189.172,4,4,0.00,1.52,0.00,N/A
104.24.218.177,4,4,0.00,1.52,0.00,N/A
104.24.230.143,4,4,0.00,1.52,0.00,N/A
104.25.130.61,4,4,0.00,1.52,0.00,N/A
104.24.155.117,4,4,0.00,1.52,0.00,N/A
104.24.211.112,4,4,0.00,1.52,0.00,N/A
104.31.16.20,4,4,0.00,1.53,0.00,N/A
104.25.184.28,4,4,0.00,1.53,0.00,N/A
104.24.215.10,4,4,0.00,1.53,0.00,N/A
104.24.91.120,4,4,0.00,1.53,0.00,N/A
172.66.201.60,4,4,0.00,1.53,0.00,N/A
104.24.44.164,4,4,0.00,1.54,0.00,N/A
104.24.59.240,4,4,0.00,1.55,0.00,N/A
104.25.203.10,4,4,0.00,1.55,0.00,N/A
172.64.52.220,4,4,0.00,1.55,0.00,N/A
104.26.13.221,4,4,0.00,1.55,0.00,N/A
104.24.247.181,4,4,0.00,1.55,0.00,N/A
104.24.206.197,4,4,0.00,1.55,0.00,N/A
104.24.193.29,4,4,0.00,1.55,0.00,N/A
104.25.33.37,4,4,0.00,1.56,0.00,N/A
104.24.221.4,4,4,0.00,1.56,0.00,N/A
172.64.49.232,4,4,0.00,1.56,0.00,N/A
104.24.79.33,4,4,0.00,1.56,0.00,N/A
172.64.41.106,4,4,0.00,1.56,0.00,N/A
104.25.233.179,4,4,0.00,1.57,0.00,N/A
172.66.168.131,4,4,0.00,1.57,0.00,N/A
104.24.243.245,4,4,0.00,1.57,0.00,N/A
104.24.174.225,4,4,0.00,1.58,0.00,N/A
104.25.214.179,4,4,0.00,1.58,0.00,N/A
104.24.233.103,4,4,0.00,1.58,0.00,N/A
172.64.97.3,4,4,0.00,1.58,0.00,N/A
104.25.9.212,4,4,0.00,1.58,0.00,N/A
104.24.179.135,4,4,0.00,1.59,0.00,N/A
104.25.240.116,4,4,0.00,1.59,0.00,N/A
104.24.184.107,4,4,0.00,1.59,0.00,N/A
104.25.63.184,4,4,0.00,1.59,0.00,N/A
172.64.74.10,4,4,0.00,1.59,0.00,N/A
104.25.185.58,4,4,0.00,1.59,0.00,N/A
104.25.197.115,4,4,0.00,1.60,0.00,N/A
172.66.148.152,4,4,0.00,1.60,0.00,N/A
104.26.11.137,4,4,0.00,1.60,0.00,N/A
104.24.37.173,4,4,0.00,1.60,0.00,N/A
104.25.164.215,4,4,0.00,1.60,0.00,N/A
104.24.41.32,4,4,0.00,1.60,0.00,N/A
104.24.161.122,4,4,0.00,1.61,0.00,N/A
104.24.65.162,4,4,0.00,1.61,0.00,N/A
172.66.154.202,4,4,0.00,1.61,0.00,N/A
104.25.208.11,4,4,0.00,1.61,0.00,N/A
104.24.57.188,4,4,0.00,1.61,0.00,N/A
104.25.212.221,4,4,0.00,1.61,0.00,N/A
104.26.1.8,4,4,0.00,1.61,0.00,N/A
104.25.218.180,4,4,0.00,1.61,0.00,N/A
104.25.238.136,4,4,0.00,1.61,0.00,N/A
104.25.12.13,4,4,0.00,1.62,0.00,N/A
104.26.7.36,4,4,0.00,1.62,0.00,N/A
104.24.133.118,4,4,0.00,1.62,0.00,N/A
104.25.116.218,4,4,0.00,1.62,0.00,N/A
104.24.169.219,4,4,0.00,1.62,0.00,N/A
104.25.48.106,4,4,0.00,1.62,0.00,N/A
172.66.151.165,4,4,0.00,1.62,0.00,N/A
104.24.53.87,4,4,0.00,1.62,0.00,N/A
172.66.206.23,4,4,0.00,1.62,0.00,N/A
172.64.149.37,4,4,0.00,1.62,0.00,N/A
104.21.208.185,4,4,0.00,1.62,0.00,N/A
104.24.51.178,4,4,0.00,1.63,0.00,N/A
104.24.17.31,4,4,0.00,1.63,0.00,N/A
172.66.198.173,4,4,0.00,1.63,0.00,N/A
104.25.53.196,4,4,0.00,1.63,0.00,N/A
104.25.125.26,4,4,0.00,1.63,0.00,N/A
172.66.141.216,4,4,0.00,1.63,0.00,N/A
104.24.248.232,4,4,0.00,1.63,0.00,N/A
104.24.147.35,4,4,0.00,1.63,0.00,N/A
104.25.121.5,4,4,0.00,1.63,0.00,N/A
104.24.166.206,4,4,0.00,1.63,0.00,N/A
104.25.6.77,4,4,0.00,1.64,0.00,N/A
104.25.84.104,4,4,0.00,1.64,0.00,N/A
104.24.226.239,4,4,0.00,1.64,0.00,N/A
172.64.156.61,4,4,0.00,1.64,0.00,N/A
172.66.205.222,4,4,0.00,1.64,0.00,N/A
104.25.57.88,4,4,0.00,1.64,0.00,N/A
104.24.29.162,4,4,0.00,1.64,0.00,N/A
104.25.73.245,4,4,0.00,1.64,0.00,N/A
104.25.220.110,4,4,0.00,1.64,0.00,N/A
104.25.155.120,4,4,0.00,1.64,0.00,N/A
104.24.219.11,4,4,0.00,1.64,0.00,N/A
172.66.202.167,4,4,0.00,1.64,0.00,N/A
104.25.129.62,4,4,0.00,1.64,0.00,N/A
104.25.103.59,4,4,0.00,1.64,0.00,N/A
104.25.82.21,4,4,0.00,1.65,0.00,N/A
104.25.45.184,4,4,0.00,1.65,0.00,N/A
104.24.165.244,4,4,0.00,1.65,0.00,N/A
104.25.242.127,4,4,0.00,1.65,0.00,N/A
104.24.68.26,4,4,0.00,1.65,0.00,N/A
104.25.196.92,4,4,0.00,1.65,0.00,N/A
104.25.235.120,4,4,0.00,1.65,0.00,N/A
104.25.210.205,4,4,0.00,1.65,0.00,N/A
104.24.18.0,4,4,0.00,1.65,0.00,N/A
172.64.35.213,4,4,0.00,1.65,0.00,N/A
104.25.17.215,4,4,0.00,1.65,0.00,N/A
104.24.160.89,4,4,0.00,1.65,0.00,N/A
104.24.43.250,4,4,0.00,1.65,0.00,N/A
104.25.67.115,4,4,0.00,1.66,0.00,N/A
104.24.76.104,4,4,0.00,1.66,0.00,N/A
104.24.70.121,4,4,0.00,1.66,0.00,N/A
172.64.69.80,4,4,0.00,1.66,0.00,N/A
104.25.223.254,4,4,0.00,1.66,0.00,N/A
172.64.37.36,4,4,0.00,1.66,0.00,N/A
172.64.33.240,4,4,0.00,1.66,0.00,N/A
104.24.236.184,4,4,0.00,1.66,0.00,N/A
104.24.157.164,4,4,0.00,1.66,0.00,N/A
104.24.175.251,4,4,0.00,1.66,0.00,N/A
104.24.180.200,4,4,0.00,1.66,0.00,N/A
172.66.137.62,4,4,0.00,1.66,0.00,N/A
172.66.193.132,4,4,0.00,1.66,0.00,N/A
104.24.39.90,4,4,0.00,1.66,0.00,N/A
104.25.111.151,4,4,0.00,1.66,0.00,N/A
104.26.10.205,4,4,0.00,1.66,0.00,N/A
172.66.214.116,4,4,0.00,1.66,0.00,N/A
104.25.241.129,4,4,0.00,1.66,0.00,N/A
104.25.226.33,4,4,0.00,1.66,0.00,N/A
172.64.176.98,4,4,0.00,1.67,0.00,N/A
104.24.74.161,4,4,0.00,1.67,0.00,N/A
104.25.88.212,4,4,0.00,1.67,0.00,N/A
104.25.191.243,4,4,0.00,1.67,0.00,N/A
104.24.164.72,4,4,0.00,1.67,0.00,N/A
104.24.32.174,4,4,0.00,1.67,0.00,N/A
104.25.16.250,4,4,0.00,1.67,0.00,N/A
104.25.118.176,4,4,0.00,1.67,0.00,N/A
104.25.5.190,4,4,0.00,1.67,0.00,N/A
104.25.221.123,4,4,0.00,1.67,0.00,N/A
104.25.127.159,4,4,0.00,1.67,0.00,N/A
104.24.46.61,4,4,0.00,1.67,0.00,N/A
104.25.126.105,4,4,0.00,1.67,0.00,N/A
172.64.185.240,4,4,0.00,1.67,0.00,N/A
104.26.9.241,4,4,0.00,1.67,0.00,N/A
172.64.95.20,4,4,0.00,1.67,0.00,N/A
104.25.232.36,4,4,0.00,1.67,0.00,N/A
104.24.255.229,4,4,0.00,1.68,0.00,N/A
104.25.2.73,4,4,0.00,1.68,0.00,N/A
104.25.209.29,4,4,0.00,1.68,0.00,N/A
172.66.164.252,4,4,0.00,1.68,0.00,N/A
104.24.224.125,4,4,0.00,1.68,0.00,N/A
104.25.106.236,4,4,0.00,1.68,0.00,N/A
104.25.231.19,4,4,0.00,1.68,0.00,N/A
104.25.75.158,4,4,0.00,1.68,0.00,N/A
104.24.36.111,4,4,0.00,1.68,0.00,N/A
104.24.187.96,4,4,0.00,1.68,0.00,N/A
172.64.151.33,4,4,0.00,1.68,0.00,N/A
104.24.196.191,4,4,0.00,1.68,0.00,N/A
104.24.172.156,4,4,0.00,1.68,0.00,N/A
104.25.83.202,4,4,0.00,1.68,0.00,N/A
104.25.215.22,4,4,0.00,1.68,0.00,N/A
172.64.81.52,4,4,0.00,1.68,0.00,N/A
172.64.98.233,4,4,0.00,1.68,0.00,N/A
104.26.14.110,4,4,0.00,1.69,0.00,N/A
104.24.80.103,4,4,0.00,1.69,0.00,N/A
104.25.70.82,4,4,0.00,1.69,0.00,N/A
104.25.109.196,4,4,0.00,1.69,0.00,N/A
104.24.189.119,4,4,0.00,1.69,0.00,N/A
104.25.42.57,4,4,0.00,1.69,0.00,N/A
104.24.186.34,4,4,0.00,1.69,0.00,N/A
172.64.66.70,4,4,0.00,1.69,0.00,N/A
172.66.197.169,4,4,0.00,1.69,0.00,N/A
104.27.205.99,4,4,0.00,1.69,0.00,N/A
104.24.181.36,4,4,0.00,1.69,0.00,N/A
172.66.134.176,4,4,0.00,1.69,0.00,N/A
104.24.85.115,4,4,0.00,1.69,0.00,N/A
104.25.54.3,4,4,0.00,1.69,0.00,N/A
172.64.72.185,4,4,0.00,1.70,0.00,N/A
104.25.7.83,4,4,0.00,1.70,0.00,N/A
104.25.114.211,4,4,0.00,1.70,0.00,N/A
104.24.8.242,4,4,0.00,1.70,0.00,N/A
104.24.146.249,4,4,0.00,1.70,0.00,N/A
104.24.34.112,4,4,0.00,1.70,0.00,N/A
104.24.3.220,4,4,0.00,1.70,0.00,N/A
104.26.4.175,4,4,0.00,1.70,0.00,N/A
104.25.80.132,4,4,0.00,1.70,0.00,N/A
104.25.13.235,4,4,0.00,1.70,0.00,N/A
104.24.182.215,4,4,0.00,1.70,0.00,N/A
104.25.95.209,4,4,0.00,1.70,0.00,N/A
104.24.178.190,4,4,0.00,1.70,0.00,N/A
172.64.159.224,4,4,0.00,1.70,0.00,N/A
172.64.92.37,4,4,0.00,1.70,0.00,N/A
104.25.44.217,4,4,0.00,1.71,0.00,N/A
104.25.168.103,4,4,0.00,1.71,0.00,N/A
104.24.95.39,4,4,0.00,1.71,0.00,N/A
104.25.133.233,4,4,0.00,1.71,0.00,N/A
104.25.122.60,4,4,0.00,1.71,0.00,N/A
104.24.240.160,4,4,0.00,1.71,0.00,N/A
104.24.129.248,4,4,0.00,1.71,0.00,N/A
104.24.199.1,4,4,0.00,1.71,0.00,N/A
104.25.173.170,4,4,0.00,1.71,0.00,N/A
104.24.151.232,4,4,0.00,1.71,0.00,N/A
104.25.169.82,4,4,0.00,1.71,0.00,N/A
104.25.222.176,4,4,0.00,1.71,0.00,N/A
104.24.188.3,4,4,0.00,1.71,0.00,N/A
104.24.197.230,4,4,0.00,1.71,0.00,N/A
104.25.85.231,4,4,0.00,1.71,0.00,N/A
104.24.223.20,4,4,0.00,1.71,0.00,N/A
172.64.47.18,4,4,0.00,1.71,0.00,N/A
104.25.11.207,4,4,0.00,1.71,0.00,N/A
104.24.87.195,4,4,0.00,1.72,0.00,N/A
104.25.8.1,4,4,0.00,1.72,0.00,N/A
104.25.21.152,4,4,0.00,1.72,0.00,N/A
104.24.242.97,4,4,0.00,1.72,0.00,N/A
104.25.66.146,4,4,0.00,1.72,0.00,N/A
104.25.50.6,4,4,0.00,1.72,0.00,N/A
104.25.192.223,4,4,0.00,1.72,0.00,N/A
104.24.168.146,4,4,0.00,1.72,0.00,N/A
104.24.12.123,4,4,0.00,1.72,0.00,N/A
104.24.52.126,4,4,0.00,1.72,0.00,N/A
104.24.92.134,4,4,0.00,1.72,0.00,N/A
104.25.175.219,4,4,0.00,1.72,0.00,N/A
104.25.248.54,4,4,0.00,1.72,0.00,N/A
104.25.182.207,4,4,0.00,1.72,0.00,N/A
172.66.161.245,4,4,0.00,1.72,0.00,N/A
172.64.36.235,4,4,0.00,1.72,0.00,N/A
104.24.84.139,4,4,0.00,1.72,0.00,N/A
104.24.150.208,4,4,0.00,1.72,0.00,N/A
172.64.100.114,4,4,0.00,1.73,0.00,N/A
172.66.203.227,4,4,0.00,1.73,0.00,N/A
104.25.72.21,4,4,0.00,1.73,0.00,N/A
104.24.0.173,4,4,0.00,1.73,0.00,N/A
104.25.1.252,4,4,0.00,1.73,0.00,N/A
104.25.22.49,4,4,0.00,1.73,0.00,N/A
104.24.252.205,4,4,0.00,1.73,0.00,N/A
172.66.160.7,4,4,0.00,1.73,0.00,N/A
104.24.153.208,4,4,0.00,1.73,0.00,N/A
172.64.68.131,4,4,0.00,1.73,0.00,N/A
104.25.24.19,4,4,0.00,1.73,0.00,N/A
104.25.234.48,4,4,0.00,1.73,0.00,N/A
104.24.61.96,4,4,0.00,1.74,0.00,N/A
104.25.69.155,4,4,0.00,1.74,0.00,N/A
104.25.113.136,4,4,0.00,1.74,0.00,N/A
104.24.28.145,4,4,0.00,1.74,0.00,N/A
172.64.184.191,4,4,0.00,1.74,0.00,N/A
104.25.10.161,4,4,0.00,1.74,0.00,N/A
172.66.175.233,4,4,0.00,1.74,0.00,N/A
172.66.216.222,4,4,0.00,1.74,0.00,N/A
104.25.20.247,4,4,0.00,1.74,0.00,N/A
104.25.255.32,4,4,0.00,1.74,0.00,N/A
104.25.170.155,4,4,0.00,1.74,0.00,N/A
172.66.195.226,4,4,0.00,1.74,0.00,N/A
104.24.245.152,4,4,0.00,1.74,0.00,N/A
104.25.201.24,4,4,0.00,1.74,0.00,N/A
172.64.229.162,4,4,0.00,1.74,0.00,N/A
104.24.200.3,4,4,0.00,1.74,0.00,N/A
104.25.250.221,4,4,0.00,1.74,0.00,N/A
104.24.15.174,4,4,0.00,1.74,0.00,N/A
104.24.159.178,4,4,0.00,1.74,0.00,N/A
104.24.31.60,4,4,0.00,1.74,0.00,N/A
104.24.89.99,4,4,0.00,1.74,0.00,N/A
104.24.11.163,4,4,0.00,1.74,0.00,N/A
172.64.152.8,4,4,0.00,1.75,0.00,N/A
104.25.65.219,4,4,0.00,1.75,0.00,N/A
104.25.166.125,4,4,0.00,1.75,0.00,N/A
104.21.192.252,4,4,0.00,1.75,0.00,N/A
104.24.195.58,4,4,0.00,1.75,0.00,N/A
104.24.58.203,4,4,0.00,1.75,0.00,N/A
172.66.155.182,4,4,0.00,1.75,0.00,N/A
104.25.187.215,4,4,0.00,1.75,0.00,N/A
104.24.239.106,4,4,0.00,1.75,0.00,N/A
172.64.96.66,4,4,0.00,1.75,0.00,N/A
104.25.190.17,4,4,0.00,1.75,0.00,N/A
172.64.186.253,4,4,0.00,1.75,0.00,N/A
172.66.136.214,4,4,0.00,1.75,0.00,N/A
104.24.45.125,4,4,0.00,1.75,0.00,N/A
104.25.38.33,4,4,0.00,1.76,0.00,N/A
104.25.14.150,4,4,0.00,1.76,0.00,N/A
104.25.49.111,4,4,0.00,1.76,0.00,N/A
104.24.14.136,4,4,0.00,1.76,0.00,N/A
104.24.134.118,4,4,0.00,1.76,0.00,N/A
172.64.75.191,4,4,0.00,1.76,0.00,N/A
172.64.145.69,4,4,0.00,1.76,0.00,N/A
104.24.13.130,4,4,0.00,1.76,0.00,N/A
104.25.131.249,4,4,0.00,1.76,0.00,N/A
104.24.241.154,4,4,0.00,1.76,0.00,N/A
172.64.38.187,4,4,0.00,1.77,0.00,N/A
104.24.48.13,4,4,0.00,1.77,0.00,N/A
172.66.166.133,4,4,0.00,1.77,0.00,N/A
104.25.153.171,4,4,0.00,1.77,0.00,N/A
104.25.52.185,4,4,0.00,1.77,0.00,N/A
104.25.120.223,4,4,0.00,1.77,0.00,N/A
104.25.236.140,4,4,0.00,1.77,0.00,N/A
104.24.2.131,4,4,0.00,1.77,0.00,N/A
172.64.91.117,4,4,0.00,1.77,0.00,N/A
104.25.244.129,4,4,0.00,1.77,0.00,N/A
104.25.174.36,4,4,0.00,1.77,0.00,N/A
104.25.3.118,4,4,0.00,1.77,0.00,N/A
104.25.36.92,4,4,0.00,1.77,0.00,N/A
104.24.142.204,4,4,0.00,1.77,0.00,N/A
104.24.143.122,4,4,0.00,1.77,0.00,N/A
172.64.88.240,4,4,0.00,1.77,0.00,N/A
104.25.159.75,4,4,0.00,1.78,0.00,N/A
104.26.6.208,4,4,0.00,1.78,0.00,N/A
104.24.176.235,4,4,0.00,1.78,0.00,N/A
104.24.244.210,4,4,0.00,1.78,0.00,N/A
104.24.72.71,4,4,0.00,1.78,0.00,N/A
104.21.201.221,4,4,0.00,1.78,0.00,N/A
104.24.4.34,4,4,0.00,1.78,0.00,N/A
104.25.64.30,4,4,0.00,1.78,0.00,N/A
104.25.195.41,4,4,0.00,1.78,0.00,N/A
104.25.178.228,4,4,0.00,1.78,0.00,N/A
104.24.204.172,4,4,0.00,1.78,0.00,N/A
172.64.84.85,4,4,0.00,1.78,0.00,N/A
104.21.218.230,4,4,0.00,1.78,0.00,N/A
104.25.245.21,4,4,0.00,1.78,0.00,N/A
172.64.34.123,4,4,0.00,1.78,0.00,N/A
104.25.249.85,4,4,0.00,1.78,0.00,N/A
104.24.23.151,4,4,0.00,1.78,0.00,N/A
172.64.67.223,4,4,0.00,1.79,0.00,N/A
104.24.202.235,4,4,0.00,1.79,0.00,N/A
172.64.94.96,4,4,0.00,1.79,0.00,N/A
104.25.93.97,4,4,0.00,1.79,0.00,N/A
104.27.194.222,4,4,0.00,1.79,0.00,N/A
104.25.76.39,4,4,0.00,1.79,0.00,N/A
104.24.212.4,4,4,0.00,1.79,0.00,N/A
172.64.188.251,4,4,0.00,1.79,0.00,N/A
104.25.200.141,4,4,0.00,1.79,0.00,N/A
172.66.196.100,4,4,0.00,1.79,0.00,N/A
104.25.99.190,4,4,0.00,1.79,0.00,N/A
104.25.56.192,4,4,0.00,1.79,0.00,N/A
104.25.62.238,4,4,0.00,1.79,0.00,N/A
104.26.2.129,4,4,0.00,1.79,0.00,N/A
104.24.213.138,4,4,0.00,1.79,0.00,N/A
172.66.165.172,4,4,0.00,1.79,0.00,N/A
104.24.210.182,4,4,0.00,1.79,0.00,N/A
104.25.71.235,4,4,0.00,1.79,0.00,N/A
172.64.53.93,4,4,0.00,1.80,0.00,N/A
172.64.148.67,4,4,0.00,1.80,0.00,N/A
104.24.60.121,4,4,0.00,1.80,0.00,N/A
104.24.185.148,4,4,0.00,1.80,0.00,N/A
104.24.6.76,4,4,0.00,1.80,0.00,N/A
172.64.42.138,4,4,0.00,1.80,0.00,N/A
104.24.9.76,4,4,0.00,1.80,0.00,N/A
104.24.246.88,4,4,0.00,1.80,0.00,N/A
198.41.219.23,4,4,0.00,1.80,0.00,N/A
172.66.138.95,4,4,0.00,1.80,0.00,N/A
172.64.230.66,4,4,0.00,1.80,0.00,N/A
104.21.198.124,4,4,0.00,1.80,0.00,N/A
104.24.35.11,4,4,0.00,1.80,0.00,N/A
104.25.177.19,4,4,0.00,1.80,0.00,N/A
104.25.124.97,4,4,0.00,1.80,0.00,N/A
104.25.254.137,4,4,0.00,1.80,0.00,N/A
172.64.46.51,4,4,0.00,1.80,0.00,N/A
104.25.193.199,4,4,0.00,1.80,0.00,N/A
104.25.204.126,4,4,0.00,1.81,0.00,N/A
104.24.25.55,4,4,0.00,1.81,0.00,N/A
104.25.138.131,4,4,0.00,1.81,0.00,N/A
104.25.251.235,4,4,0.00,1.81,0.00,N/A
104.25.101.212,4,4,0.00,1.81,0.00,N/A
104.25.194.108,4,4,0.00,1.81,0.00,N/A
104.25.156.183,4,4,0.00,1.81,0.00,N/A
104.24.7.136,4,4,0.00,1.81,0.00,N/A
172.64.101.46,4,4,0.00,1.81,0.00,N/A
104.24.30.232,4,4,0.00,1.81,0.00,N/A
104.25.176.88,4,4,0.00,1.81,0.00,N/A
104.25.100.155,4,4,0.00,1.81,0.00,N/A
104.25.98.16,4,4,0.00,1.81,0.00,N/A
104.24.77.84,4,4,0.00,1.81,0.00,N/A
104.25.74.206,4,4,0.00,1.81,0.00,N/A
172.64.76.77,4,4,0.00,1.81,0.00,N/A
172.66.208.199,4,4,0.00,1.81,0.00,N/A
104.21.202.119,4,4,0.00,1.81,0.00,N/A
104.24.209.147,4,4,0.00,1.81,0.00,N/A
104.24.225.97,4,4,0.00,1.81,0.00,N/A
172.67.98.224,4,4,0.00,1.81,0.00,N/A
104.26.3.65,4,4,0.00,1.82,0.00,N/A
104.25.104.14,4,4,0.00,1.82,0.00,N/A
104.25.161.42,4,4,0.00,1.82,0.00,N/A
104.24.177.135,4,4,0.00,1.82,0.00,N/A
104.24.194.69,4,4,0.00,1.82,0.00,N/A
104.25.23.136,4,4,0.00,1.82,0.00,N/A
104.25.18.135,4,4,0.00,1.82,0.00,N/A
104.25.29.131,4,4,0.00,1.82,0.00,N/A
104.25.105.77,4,4,0.00,1.82,0.00,N/A
104.24.128.240,4,4,0.00,1.82,0.00,N/A
104.25.183.16,4,4,0.00,1.82,0.00,N/A
104.24.216.158,4,4,0.00,1.82,0.00,N/A
104.25.213.168,4,4,0.00,1.82,0.00,N/A
104.24.55.191,4,4,0.00,1.82,0.00,N/A
104.21.212.176,4,4,0.00,1.83,0.00,N/A
104.25.165.65,4,4,0.00,1.83,0.00,N/A
104.25.186.38,4,4,0.00,1.83,0.00,N/A
172.66.207.158,4,4,0.00,1.83,0.00,N/A
172.66.212.75,4,4,0.00,1.83,0.00,N/A
172.66.133.168,4,4,0.00,1.83,0.00,N/A
172.64.158.149,4,4,0.00,1.83,0.00,N/A
104.25.34.249,4,4,0.00,1.83,0.00,N/A
172.66.192.4,4,4,0.00,1.83,0.00,N/A
104.25.115.179,4,4,0.00,1.83,0.00,N/A
104.24.73.175,4,4,0.00,1.83,0.00,N/A
172.66.139.35,4,4,0.00,1.83,0.00,N/A
104.25.252.35,4,4,0.00,1.83,0.00,N/A
172.66.210.41,4,4,0.00,1.83,0.00,N/A
104.24.234.113,4,4,0.00,1.83,0.00,N/A
104.24.20.153,4,4,0.00,1.83,0.00,N/A
104.24.203.0,4,4,0.00,1.83,0.00,N/A
104.25.128.223,4,4,0.00,1.83,0.00,N/A
104.25.96.43,4,4,0.00,1.83,0.00,N/A
172.64.50.55,4,4,0.00,1.83,0.00,N/A
104.24.238.187,4,4,0.00,1.83,0.00,N/A
104.25.227.3,4,4,0.00,1.83,0.00,N/A
104.25.86.155,4,4,0.00,1.84,0.00,N/A
104.24.50.32,4,4,0.00,1.84,0.00,N/A
104.25.253.202,4,4,0.00,1.84,0.00,N/A
104.25.246.107,4,4,0.00,1.84,0.00,N/A
104.25.15.9,4,4,0.00,1.84,0.00,N/A
104.26.5.15,4,4,0.00,1.84,0.00,N/A
104.25.58.109,4,4,0.00,1.84,0.00,N/A
104.25.225.160,4,4,0.00,1.84,0.00,N/A
104.24.152.51,4,4,0.00,1.84,0.00,N/A
104.25.224.203,4,4,0.00,1.84,0.00,N/A
104.24.228.118,4,4,0.00,1.84,0.00,N/A
104.25.61.76,4,4,0.00,1.84,0.00,N/A
104.25.167.204,4,4,0.00,1.84,0.00,N/A
104.24.42.226,4,4,0.00,1.84,0.00,N/A
104.24.254.45,4,4,0.00,1.84,0.00,N/A
172.64.231.177,4,4,0.00,1.84,0.00,N/A
104.25.108.15,4,4,0.00,1.85,0.00,N/A
172.66.150.52,4,4,0.00,1.85,0.00,N/A
104.25.198.79,4,4,0.00,1.85,0.00,N/A
172.66.132.16,4,4,0.00,1.85,0.00,N/A
104.24.71.215,4,4,0.00,1.85,0.00,N/A
104.25.172.56,4,4,0.00,1.85,0.00,N/A
104.25.243.145,4,4,0.00,1.85,0.00,N/A
104.24.130.218,4,4,0.00,1.85,0.00,N/A
104.24.49.237,4,4,0.00,1.85,0.00,N/A
104.24.156.29,4,4,0.00,1.85,0.00,N/A
172.64.48.155,4,4,0.00,1.85,0.00,N/A
104.25.247.109,4,4,0.00,1.85,0.00,N/A
104.25.123.71,4,4,0.00,1.85,0.00,N/A
104.25.119.64,4,4,0.00,1.85,0.00,N/A
104.24.16.184,4,4,0.00,1.85,0.00,N/A
104.24.67.88,4,4,0.00,1.86,0.00,N/A
172.66.213.183,4,4,0.00,1.86,0.00,N/A
104.25.28.6,4,4,0.00,1.86,0.00,N/A
104.26.8.55,4,4,0.00,1.86,0.00,N/A
104.24.19.224,4,4,0.00,1.86,0.00,N/A
104.24.144.7,4,4,0.00,1.86,0.00,N/A
104.24.249.199,4,4,0.00,1.86,0.00,N/A
172.66.146.220,4,4,0.00,1.86,0.00,N/A
172.66.159.23,4,4,0.00,1.86,0.00,N/A
104.21.194.125,4,4,0.00,1.86,0.00,N/A
104.25.92.175,4,4,0.00,1.86,0.00,N/A
104.26.15.32,4,4,0.00,1.86,0.00,N/A
198.41.192.153,4,4,0.00,1.86,0.00,N/A
104.25.68.42,4,4,0.00,1.86,0.00,N/A
104.25.217.171,4,4,0.00,1.86,0.00,N/A
172.64.187.201,4,4,0.00,1.86,0.00,N/A
104.25.102.137,4,4,0.00,1.86,0.00,N/A
104.25.55.183,4,4,0.00,1.86,0.00,N/A
172.67.72.133,4,4,0.00,1.86,0.00,N/A
172.66.211.234,4,4,0.00,1.86,0.00,N/A
172.67.92.105,4,4,0.00,1.86,0.00,N/A
104.26.0.86,4,4,0.00,1.86,0.00,N/A
172.66.145.152,4,4,0.00,1.87,0.00,N/A
172.66.128.195,4,4,0.00,1.87,0.00,N/A
104.21.197.0,4,4,0.00,1.87,0.00,N/A
104.24.220.57,4,4,0.00,1.87,0.00,N/A
104.24.47.17,4,4,0.00,1.87,0.00,N/A
172.66.215.146,4,4,0.00,1.87,0.00,N/A
104.25.46.184,4,4,0.00,1.87,0.00,N/A
104.25.219.8,4,4,0.00,1.87,0.00,N/A
172.64.32.61,4,4,0.00,1.87,0.00,N/A
172.66.153.126,4,4,0.00,1.87,0.00,N/A
104.25.211.75,4,4,0.00,1.87,0.00,N/A
104.24.250.146,4,4,0.00,1.88,0.00,N/A
172.64.83.191,4,4,0.00,1.88,0.00,N/A
104.25.163.208,4,4,0.00,1.88,0.00,N/A
104.25.117.58,4,4,0.00,1.88,0.00,N/A
104.24.183.34,4,4,0.00,1.88,0.00,N/A
172.64.155.48,4,4,0.00,1.88,0.00,N/A
104.25.43.136,4,4,0.00,1.88,0.00,N/A
172.64.146.153,4,4,0.00,1.88,0.00,N/A
198.41.194.219,4,4,0.00,1.88,0.00,N/A
104.25.27.103,4,4,0.00,1.88,0.00,N/A
104.25.30.136,4,4,0.00,1.88,0.00,N/A
104.24.63.28,4,4,0.00,1.88,0.00,N/A
104.24.83.18,4,4,0.00,1.88,0.00,N/A
104.24.237.112,4,4,0.00,1.88,0.00,N/A
104.21.204.221,4,4,0.00,1.88,0.00,N/A
104.24.148.131,4,4,0.00,1.88,0.00,N/A
104.25.19.42,4,4,0.00,1.89,0.00,N/A
172.64.157.211,4,4,0.00,1.89,0.00,N/A
104.25.51.24,4,4,0.00,1.89,0.00,N/A
104.24.205.187,4,4,0.00,1.89,0.00,N/A
104.25.239.84,4,4,0.00,1.89,0.00,N/A
104.25.26.192,4,4,0.00,1.89,0.00,N/A
104.25.162.50,4,4,0.00,1.89,0.00,N/A
104.25.160.80,4,4,0.00,1.89,0.00,N/A
104.24.33.112,4,4,0.00,1.89,0.00,N/A
104.25.0.243,4,4,0.00,1.89,0.00,N/A
104.25.202.218,4,4,0.00,1.89,0.00,N/A
172.66.173.174,4,4,0.00,1.90,0.00,N/A
172.66.149.146,4,4,0.00,1.90,0.00,N/A
104.21.193.99,4,4,0.00,1.90,0.00,N/A
104.24.138.69,4,4,0.00,1.90,0.00,N/A
104.25.216.145,4,4,0.00,1.90,0.00,N/A
104.24.141.71,4,4,0.00,1.90,0.00,N/A
104.24.145.81,4,4,0.00,1.90,0.00,N/A
172.66.130.191,4,4,0.00,1.90,0.00,N/A
104.24.253.21,4,4,0.00,1.90,0.00,N/A
104.25.229.148,4,4,0.00,1.90,0.00,N/A
104.21.200.162,4,4,0.00,1.90,0.00,N/A
172.64.87.90,4,4,0.00,1.91,0.00,N/A
104.25.179.148,4,4,0.00,1.91,0.00,N/A
172.66.157.135,4,4,0.00,1.91,0.00,N/A
104.24.208.41,4,4,0.00,1.91,0.00,N/A
104.24.94.164,4,4,0.00,1.91,0.00,N/A
104.25.32.153,4,4,0.00,1.91,0.00,N/A
104.25.37.254,4,4,0.00,1.92,0.00,N/A
172.64.189.110,4,4,0.00,1.92,0.00,N/A
104.25.134.140,4,4,0.00,1.92,0.00,N/A
172.64.154.9,4,4,0.00,1.92,0.00,N/A
172.66.135.204,4,4,0.00,1.92,0.00,N/A
172.64.77.200,4,4,0.00,1.92,0.00,N/A
104.24.235.124,4,4,0.00,1.92,0.00,N/A
172.66.167.180,4,4,0.00,1.92,0.00,N/A
104.25.171.198,4,4,0.00,1.92,0.00,N/A
104.25.110.179,4,4,0.00,1.92,0.00,N/A
104.21.221.71,4,4,0.00,1.92,0.00,N/A
172.66.147.69,4,4,0.00,1.92,0.00,N/A
104.25.188.70,4,4,0.00,1.92,0.00,N/A
104.24.82.206,4,4,0.00,1.92,0.00,N/A
172.64.82.48,4,4,0.00,1.92,0.00,N/A
172.66.176.43,4,4,0.00,1.93,0.00,N/A
172.66.199.59,4,4,0.00,1.93,0.00,N/A
104.25.158.219,4,4,0.00,1.93,0.00,N/A
104.21.195.244,4,4,0.00,1.93,0.00,N/A
172.66.129.228,4,4,0.00,1.93,0.00,N/A
104.24.158.56,4,4,0.00,1.93,0.00,N/A
104.24.86.18,4,4,0.00,1.93,0.00,N/A
104.21.205.13,4,4,0.00,1.93,0.00,N/A
172.67.88.118,4,4,0.00,1.93,0.00,N/A
104.25.78.82,4,4,0.00,1.93,0.00,N/A
104.24.191.234,4,4,0.00,1.93,0.00,N/A
104.21.209.210,4,4,0.00,1.94,0.00,N/A
104.25.206.205,4,4,0.00,1.94,0.00,N/A
104.24.69.238,4,4,0.00,1.94,0.00,N/A
198.41.211.65,4,4,0.00,1.94,0.00,N/A
104.25.97.154,4,4,0.00,1.94,0.00,N/A
162.159.62.40,4,4,0.00,1.94,0.00,N/A
104.27.57.233,4,4,0.00,1.94,0.00,N/A
104.21.211.22,4,4,0.00,1.94,0.00,N/A
104.21.222.102,4,4,0.00,1.94,0.00,N/A
172.64.86.217,4,4,0.00,1.94,0.00,N/A
104.24.10.247,4,4,0.00,1.94,0.00,N/A
104.25.41.176,4,4,0.00,1.94,0.00,N/A
172.66.174.191,4,4,0.00,1.94,0.00,N/A
104.25.4.127,4,4,0.00,1.95,0.00,N/A
104.25.205.238,4,4,0.00,1.95,0.00,N/A
172.64.90.224,4,4,0.00,1.95,0.00,N/A
172.66.152.201,4,4,0.00,1.95,0.00,N/A
104.25.31.69,4,4,0.00,1.95,0.00,N/A
104.25.112.162,4,4,0.00,1.95,0.00,N/A
198.41.207.198,4,4,0.00,1.95,0.00,N/A
104.24.78.62,4,4,0.00,1.95,0.00,N/A
104.24.135.209,4,4,0.00,1.95,0.00,N/A
104.24.27.34,4,4,0.00,1.96,0.00,N/A
104.25.59.197,4,4,0.00,1.96,0.00,N/A
172.66.177.63,4,4,0.00,1.96,0.00,N/A
104.25.91.234,4,4,0.00,1.96,0.00,N/A
104.24.1.230,4,4,0.00,1.96,0.00,N/A
104.24.222.193,4,4,0.00,1.96,0.00,N/A
172.64.235.31,4,4,0.00,1.96,0.00,N/A
172.66.144.242,4,4,0.00,1.96,0.00,N/A
104.25.230.36,4,4,0.00,1.96,0.00,N/A
172.66.217.67,4,4,0.00,1.96,0.00,N/A
104.21.220.251,4,4,0.00,1.96,0.00,N/A
172.66.194.73,4,4,0.00,1.96,0.00,N/A
172.66.169.103,4,4,0.00,1.96,0.00,N/A
104.24.232.221,4,4,0.00,1.96,0.00,N/A
104.24.201.81,4,4,0.00,1.96,0.00,N/A
172.64.89.133,4,4,0.00,1.96,0.00,N/A
104.24.75.126,4,4,0.00,1.97,0.00,N/A
104.24.66.193,4,4,0.00,1.97,0.00,N/A
104.24.170.50,4,4,0.00,1.97,0.00,N/A
104.25.39.205,4,4,0.00,1.97,0.00,N/A
172.66.142.82,4,4,0.00,1.97,0.00,N/A
172.66.209.157,4,4,0.00,1.97,0.00,N/A
104.21.217.181,4,4,0.00,1.97,0.00,N/A
172.66.131.80,4,4,0.00,1.97,0.00,N/A
104.21.215.24,4,4,0.00,1.97,0.00,N/A
104.24.163.145,4,4,0.00,1.97,0.00,N/A
172.64.232.190,4,4,0.00,1.97,0.00,N/A
172.67.73.58,4,4,0.00,1.97,0.00,N/A
104.24.190.164,4,4,0.00,1.97,0.00,N/A
162.159.196.86,4,4,0.00,1.97,0.00,N/A
104.24.173.29,4,4,0.00,1.98,0.00,N/A
198.41.214.48,4,4,0.00,1.98,0.00,N/A
162.159.35.117,4,4,0.00,1.98,0.00,N/A
104.24.149.57,4,4,0.00,1.98,0.00,N/A
172.67.67.206,4,4,0.00,1.98,0.00,N/A
104.24.231.67,4,4,0.00,1.98,0.00,N/A
104.25.87.34,4,4,0.00,1.98,0.00,N/A
104.25.237.135,4,4,0.00,1.99,0.00,N/A
104.25.199.60,4,4,0.00,1.99,0.00,N/A
104.21.199.92,4,4,0.00,1.99,0.00,N/A
172.64.85.252,4,4,0.00,1.99,0.00,N/A
104.21.213.101,4,4,0.00,1.99,0.00,N/A
104.27.200.109,4,4,0.00,1.99,0.00,N/A
104.24.192.230,4,4,0.00,1.99,0.00,N/A
104.21.214.141,4,4,0.00,1.99,0.00,N/A
104.19.78.27,4,4,0.00,3.89,0.00,N/A
162.159.57.248,4,4,0.00,2.00,0.00,N/A
104.24.21.83,4,4,0.00,2.00,0.00,N/A
104.25.181.154,4,4,0.00,2.00,0.00,N/A
104.25.60.188,4,4,0.00,2.00,0.00,N/A
104.24.207.109,4,4,0.00,2.00,0.00,N/A
104.24.64.168,4,4,0.00,2.00,0.00,N/A
104.21.219.99,4,4,0.00,2.01,0.00,N/A
104.24.38.43,4,4,0.00,2.01,0.00,N/A
104.24.140.34,4,4,0.00,2.01,0.00,N/A
198.41.195.201,4,4,0.00,2.01,0.00,N/A
108.162.198.68,4,4,0.00,2.01,0.00,N/A
172.66.172.167,4,4,0.00,2.01,0.00,N/A
104.24.26.244,4,4,0.00,2.01,0.00,N/A
172.65.78.32,4,4,0.00,2.01,0.00,N/A
198.41.198.251,4,4,0.00,2.02,0.00,N/A
104.25.228.44,4,4,0.00,2.02,0.00,N/A
172.67.77.172,4,4,0.00,2.02,0.00,N/A
104.21.207.139,4,4,0.00,2.02,0.00,N/A
104.24.81.24,4,4,0.00,2.02,0.00,N/A
172.66.171.235,4,4,0.00,2.03,0.00,N/A
104.21.223.81,4,4,0.00,2.03,0.00,N/A
104.21.216.89,4,4,0.00,2.03,0.00,N/A
104.24.24.152,4,4,0.00,2.03,0.00,N/A
104.24.22.233,4,4,0.00,2.03,0.00,N/A
104.24.167.134,4,4,0.00,2.03,0.00,N/A
172.64.150.95,4,4,0.00,2.03,0.00,N/A
172.67.74.19,4,4,0.00,2.03,0.00,N/A
172.64.233.144,4,4,0.00,2.03,0.00,N/A
198.41.193.228,4,4,0.00,2.03,0.00,N/A
104.24.40.158,4,4,0.00,2.03,0.00,N/A
104.24.93.104,4,4,0.00,2.04,0.00,N/A
172.66.204.13,4,4,0.00,2.04,0.00,N/A
198.41.200.45,4,4,0.00,2.04,0.00,N/A
172.64.147.92,4,4,0.00,2.04,0.00,N/A
104.27.198.165,4,4,0.00,2.04,0.00,N/A
104.27.201.30,4,4,0.00,2.04,0.00,N/A
172.64.153.54,4,4,0.00,2.05,0.00,N/A
172.64.79.188,4,4,0.00,2.05,0.00,N/A
172.66.162.211,4,4,0.00,2.05,0.00,N/A
104.27.204.103,4,4,0.00,2.05,0.00,N/A
104.25.47.92,4,4,0.00,2.05,0.00,N/A
198.41.202.205,4,4,0.00,2.05,0.00,N/A
104.25.180.4,4,4,0.00,2.05,0.00,N/A
104.24.62.125,4,4,0.00,2.06,0.00,N/A
104.24.90.5,4,4,0.00,2.06,0.00,N/A
198.41.206.200,4,4,0.00,2.06,0.00,N/A
172.67.188.135,4,4,0.00,2.07,0.00,N/A
198.41.203.39,4,4,0.00,2.07,0.00,N/A
104.21.210.142,4,4,0.00,2.07,0.00,N/A
172.67.69.160,4,4,0.00,2.07,0.00,N/A
172.67.112.254,4,4,0.00,2.08,0.00,N/A
198.41.222.146,4,4,0.00,2.08,0.00,N/A
104.21.203.96,4,4,0.00,2.08,0.00,N/A
198.41.197.153,4,4,0.00,2.08,0.00,N/A
104.25.40.18,4,4,0.00,2.08,0.00,N/A
104.24.171.187,4,4,0.00,2.09,0.00,N/A
198.41.196.149,4,4,0.00,2.09,0.00,N/A
108.162.195.236,4,4,0.00,2.09,0.00,N/A
104.24.227.135,4,4,0.00,2.09,0.00,N/A
198.41.199.91,4,4,0.00,2.09,0.00,N/A
162.159.16.165,4,4,0.00,2.09,0.00,N/A
198.41.204.212,4,4,0.00,2.10,0.00,N/A
198.41.208.221,4,4,0.00,2.10,0.00,N/A
104.27.207.244,4,4,0.00,2.11,0.00,N/A
198.41.218.188,4,4,0.00,2.11,0.00,N/A
198.41.223.170,4,4,0.00,2.11,0.00,N/A
104.27.195.87,4,4,0.00,2.11,0.00,N/A
172.67.79.51,4,4,0.00,2.12,0.00,N/A
104.24.154.208,4,4,0.00,2.12,0.00,N/A
104.21.13.70,4,4,0.00,2.12,0.00,N/A
104.27.206.244,4,4,0.00,2.12,0.00,N/A
172.66.44.246,4,4,0.00,2.12,0.00,N/A
104.27.203.217,4,4,0.00,2.13,0.00,N/A
198.41.216.99,4,4,0.00,2.13,0.00,N/A
104.24.136.216,4,4,0.00,2.13,0.00,N/A
104.24.56.30,4,4,0.00,2.14,0.00,N/A
104.25.35.87,4,4,0.00,2.14,0.00,N/A
104.27.36.233,4,4,0.00,2.16,0.00,N/A
172.66.163.122,4,4,0.00,2.16,0.00,N/A
172.66.156.188,4,4,0.00,2.16,0.00,N/A
172.66.143.148,4,4,0.00,2.16,0.00,N/A
104.24.131.104,4,4,0.00,2.16,0.00,N/A
162.159.60.68,4,4,0.00,2.17,0.00,N/A
172.66.42.245,4,4,0.00,2.18,0.00,N/A
172.67.201.154,4,4,0.00,2.18,0.00,N/A
162.159.91.74,4,4,0.00,2.19,0.00,N/A
172.65.238.177,4,4,0.00,2.19,0.00,N/A
172.65.98.33,4,4,0.00,2.19,0.00,N/A
104.27.199.146,4,4,0.00,2.19,0.00,N/A
104.21.206.98,4,4,0.00,2.19,0.00,N/A
104.21.196.150,4,4,0.00,2.20,0.00,N/A
198.41.201.117,4,4,0.00,2.20,0.00,N/A
172.67.182.189,4,4,0.00,2.21,0.00,N/A
172.64.80.125,4,4,0.00,2.22,0.00,N/A
104.27.3.199,4,4,0.00,2.22,0.00,N/A
104.27.7.126,4,4,0.00,2.22,0.00,N/A
104.25.89.62,4,4,0.00,2.23,0.00,N/A
104.29.137.252,4,4,0.00,2.23,0.00,N/A
104.27.2.20,4,4,0.00,2.24,0.00,N/A
104.21.100.156,4,4,0.00,2.24,0.00,N/A
172.65.4.208,4,4,0.00,2.24,0.00,N/A
108.162.196.44,4,4,0.00,2.25,0.00,N/A
104.27.192.94,4,4,0.00,2.25,0.00,N/A
172.67.68.128,4,4,0.00,2.26,0.00,N/A
104.25.77.223,4,4,0.00,2.27,0.00,N/A
162.159.152.92,4,4,0.00,2.28,0.00,N/A
104.27.6.28,4,4,0.00,2.28,0.00,N/A
104.27.124.32,4,4,0.00,2.28,0.00,N/A
104.25.79.235,4,4,0.00,2.29,0.00,N/A
172.65.52.228,4,4,0.00,2.29,0.00,N/A
198.41.215.91,4,4,0.00,2.29,0.00,N/A
172.66.47.27,4,4,0.00,2.30,0.00,N/A
172.67.206.160,4,4,0.00,2.30,0.00,N/A
198.41.217.2,4,4,0.00,2.30,0.00,N/A
104.24.229.251,4,4,0.00,2.30,0.00,N/A
104.25.207.64,4,4,0.00,2.31,0.00,N/A
104.27.24.56,4,4,0.00,2.31,0.00,N/A
104.27.127.169,4,4,0.00,2.32,0.00,N/A
172.65.12.64,4,4,0.00,2.32,0.00,N/A
162.159.5.144,4,4,0.00,2.33,0.00,N/A
104.24.139.163,4,4,0.00,2.33,0.00,N/A
172.66.41.147,4,4,0.00,2.33,0.00,N/A
172.67.114.84,4,4,0.00,2.33,0.00,N/A
172.65.1.30,4,4,0.00,2.34,0.00,N/A
172.67.148.239,4,4,0.00,2.34,0.00,N/A
172.65.54.194,4,4,0.00,2.34,0.00,N/A
172.66.200.133,4,4,0.00,2.34,0.00,N/A
162.159.140.173,4,4,0.00,2.34,0.00,N/A
172.65.60.192,4,4,0.00,2.35,0.00,N/A
162.159.50.201,4,4,0.00,2.35,0.00,N/A
172.67.85.54,4,4,0.00,2.35,0.00,N/A
172.65.173.83,4,4,0.00,2.35,0.00,N/A
162.159.205.29,4,4,0.00,2.36,0.00,N/A
172.67.111.8,4,4,0.00,2.36,0.00,N/A
104.27.196.145,4,4,0.00,2.37,0.00,N/A
104.25.157.46,4,4,0.00,2.38,0.00,N/A
172.67.65.107,4,4,0.00,2.38,0.00,N/A
162.159.6.75,4,4,0.00,2.38,0.00,N/A
104.27.86.36,4,4,0.00,2.38,0.00,N/A
162.159.51.246,4,4,0.00,2.38,0.00,N/A
104.26.12.45,4,4,0.00,2.39,0.00,N/A
172.67.253.95,4,4,0.00,2.39,0.00,N/A
104.27.202.24,4,4,0.00,2.39,0.00,N/A
162.159.143.254,4,4,0.00,2.39,0.00,N/A
172.65.21.234,4,4,0.00,2.39,0.00,N/A
162.159.12.163,4,4,0.00,2.39,0.00,N/A
162.159.14.215,4,4,0.00,2.40,0.00,N/A
198.41.209.245,4,4,0.00,2.40,0.00,N/A
162.159.90.225,4,4,0.00,2.40,0.00,N/A
104.27.42.145,4,4,0.00,2.40,0.00,N/A
162.159.95.137,4,4,0.00,2.40,0.00,N/A
104.21.33.250,4,4,0.00,2.41,0.00,N/A
172.67.71.95,4,4,0.00,2.41,0.00,N/A
104.21.58.91,4,4,0.00,2.41,0.00,N/A
172.67.251.153,4,4,0.00,2.42,0.00,N/A
172.67.149.82,4,4,0.00,2.42,0.00,N/A
162.159.133.40,4,4,0.00,2.42,0.00,N/A
104.25.154.135,4,4,0.00,2.42,0.00,N/A
104.24.132.204,4,4,0.00,2.42,0.00,N/A
162.159.56.109,4,4,0.00,2.42,0.00,N/A
162.159.201.62,4,4,0.00,2.43,0.00,N/A
104.25.145.170,4,4,0.00,2.43,0.00,N/A
172.67.101.233,4,4,0.00,2.43,0.00,N/A
172.67.205.15,4,4,0.00,2.44,0.00,N/A
104.27.103.89,4,4,0.00,2.45,0.00,N/A
172.67.246.149,4,4,0.00,2.45,0.00,N/A
104.27.112.88,4,4,0.00,2.46,0.00,N/A
172.66.170.203,4,4,0.00,2.46,0.00,N/A
104.25.135.124,4,4,0.00,2.46,0.00,N/A
104.25.142.40,4,4,0.00,2.46,0.00,N/A
162.159.138.187,4,4,0.00,2.47,0.00,N/A
172.65.26.180,4,4,0.00,2.47,0.00,N/A
104.24.137.85,4,4,0.00,2.47,0.00,N/A
162.159.137.249,4,4,0.00,2.47,0.00,N/A
172.67.145.44,4,4,0.00,2.47,0.00,N/A
172.67.90.101,4,4,0.00,2.48,0.00,N/A
172.66.40.111,4,4,0.00,2.48,0.00,N/A
104.25.141.163,4,4,0.00,2.48,0.00,N/A
104.25.25.96,4,4,0.00,2.48,0.00,N/A
104.21.114.164,4,4,0.00,2.48,0.00,N/A
104.27.120.238,4,4,0.00,2.48,0.00,N/A
198.41.205.67,4,4,0.00,2.49,0.00,N/A
104.27.100.117,4,4,0.00,2.49,0.00,N/A
172.65.59.12,4,4,0.00,2.49,0.00,N/A
162.159.198.8,4,4,0.00,2.50,0.00,N/A
104.27.41.182,4,4,0.00,2.50,0.00,N/A
104.25.140.102,4,4,0.00,2.50,0.00,N/A
162.159.136.150,4,4,0.00,2.50,0.00,N/A
172.67.189.207,4,4,0.00,2.51,0.00,N/A
172.65.193.110,4,4,0.00,2.51,0.00,N/A
104.24.54.38,4,4,0.00,2.52,0.00,N/A
162.159.129.11,4,4,0.00,2.52,0.00,N/A
162.159.41.150,4,4,0.00,2.52,0.00,N/A
162.159.195.82,4,4,0.00,2.52,0.00,N/A
172.65.55.151,4,4,0.00,2.53,0.00,N/A
172.65.177.95,4,4,0.00,2.54,0.00,N/A
172.67.168.66,4,4,0.00,2.54,0.00,N/A
162.159.193.29,4,4,0.00,2.54,0.00,N/A
104.27.35.111,4,4,0.00,2.55,0.00,N/A
172.65.47.193,4,4,0.00,2.55,0.00,N/A
104.27.76.139,4,4,0.00,2.55,0.00,N/A
162.159.43.129,4,4,0.00,2.55,0.00,N/A
104.27.14.199,4,4,0.00,2.55,0.00,N/A
162.159.130.32,4,4,0.00,2.55,0.00,N/A
104.27.111.190,4,4,0.00,2.56,0.00,N/A
104.27.193.116,4,4,0.00,2.56,0.00,N/A
172.65.232.23,4,4,0.00,2.57,0.00,N/A
104.27.126.127,4,4,0.00,2.57,0.00,N/A
172.65.48.31,4,4,0.00,2.57,0.00,N/A
172.67.84.150,4,4,0.00,2.57,0.00,N/A
172.67.75.150,4,4,0.00,2.57,0.00,N/A
104.27.0.207,4,4,0.00,2.58,0.00,N/A
104.25.148.153,4,4,0.00,2.58,0.00,N/A
172.65.222.95,4,4,0.00,2.58,0.00,N/A
172.67.211.205,4,4,0.00,2.59,0.00,N/A
162.159.49.5,4,4,0.00,2.59,0.00,N/A
104.27.29.81,4,4,0.00,2.59,0.00,N/A
104.27.19.75,4,4,0.00,2.60,0.00,N/A
104.21.125.95,4,4,0.00,2.60,0.00,N/A
162.159.18.40,4,4,0.00,2.60,0.00,N/A
104.21.39.83,4,4,0.00,2.61,0.00,N/A
172.67.249.24,4,4,0.00,2.61,0.00,N/A
104.21.43.7,4,4,0.00,2.61,0.00,N/A
104.21.117.170,4,4,0.00,2.61,0.00,N/A
172.65.244.112,4,4,0.00,2.61,0.00,N/A
104.27.31.212,4,4,0.00,2.62,0.00,N/A
162.159.40.109,4,4,0.00,2.62,0.00,N/A
104.27.113.91,4,4,0.00,2.62,0.00,N/A
104.27.26.210,4,4,0.00,2.62,0.00,N/A
104.27.44.70,4,4,0.00,2.62,0.00,N/A
172.66.2.66,4,4,0.00,2.63,0.00,N/A
104.27.20.101,4,4,0.00,2.63,0.00,N/A
172.67.100.79,4,4,0.00,2.63,0.00,N/A
104.27.74.193,4,4,0.00,2.64,0.00,N/A
172.67.226.89,4,4,0.00,2.64,0.00,N/A
162.159.10.50,4,4,0.00,2.64,0.00,N/A
104.21.123.56,4,4,0.00,2.65,0.00,N/A
172.67.254.98,4,4,0.00,2.65,0.00,N/A
104.21.62.93,4,4,0.00,2.65,0.00,N/A
172.65.230.186,4,4,0.00,2.65,0.00,N/A
162.159.0.165,4,4,0.00,2.66,0.00,N/A
172.67.238.4,4,4,0.00,2.66,0.00,N/A
172.67.125.52,4,4,0.00,2.67,0.00,N/A
104.27.40.191,4,4,0.00,2.67,0.00,N/A
104.21.37.41,4,4,0.00,2.67,0.00,N/A
172.67.203.5,4,4,0.00,2.68,0.00,N/A
104.27.53.75,4,4,0.00,2.68,0.00,N/A
172.67.190.108,4,4,0.00,2.68,0.00,N/A
104.27.107.137,4,4,0.00,2.68,0.00,N/A
172.65.231.105,4,4,0.00,2.69,0.00,N/A
104.21.105.137,4,4,0.00,2.69,0.00,N/A
172.65.171.148,4,4,0.00,2.70,0.00,N/A
172.67.126.212,4,4,0.00,2.70,0.00,N/A
104.21.111.249,4,4,0.00,2.70,0.00,N/A
104.25.146.108,4,4,0.00,2.70,0.00,N/A
104.27.125.119,4,4,0.00,2.71,0.00,N/A
172.67.134.7,4,4,0.00,2.71,0.00,N/A
104.21.80.69,4,4,0.00,2.71,0.00,N/A
172.65.183.56,4,4,0.00,2.71,0.00,N/A
172.67.200.146,4,4,0.00,2.71,0.00,N/A
104.21.126.118,4,4,0.00,2.72,0.00,N/A
104.27.50.130,4,4,0.00,2.72,0.00,N/A
172.67.214.98,4,4,0.00,2.72,0.00,N/A
104.27.46.95,4,4,0.00,2.72,0.00,N/A
172.67.94.85,4,4,0.00,2.73,0.00,N/A
172.67.252.79,4,4,0.00,2.73,0.00,N/A
172.65.253.19,4,4,0.00,2.73,0.00,N/A
104.21.81.27,4,4,0.00,2.73,0.00,N/A
162.159.134.63,4,4,0.00,2.74,0.00,N/A
162.159.3.128,4,4,0.00,2.74,0.00,N/A
172.65.252.92,4,4,0.00,2.74,0.00,N/A
162.159.192.207,4,4,0.00,2.74,0.00,N/A
104.27.55.200,4,4,0.00,2.74,0.00,N/A
172.65.159.172,4,4,0.00,2.74,0.00,N/A
104.27.78.22,4,4,0.00,2.75,0.00,N/A
104.27.85.24,4,4,0.00,2.75,0.00,N/A
172.67.64.212,4,4,0.00,2.75,0.00,N/A
104.27.60.185,4,4,0.00,2.76,0.00,N/A
104.21.112.200,4,4,0.00,2.76,0.00,N/A
172.67.93.9,4,4,0.00,2.76,0.00,N/A
172.67.127.34,4,4,0.00,2.76,0.00,N/A
162.159.33.89,4,4,0.00,2.76,0.00,N/A
172.66.46.243,4,4,0.00,2.76,0.00,N/A
172.65.41.96,4,4,0.00,2.77,0.00,N/A
172.65.195.149,4,4,0.00,2.77,0.00,N/A
172.65.192.94,4,4,0.00,2.77,0.00,N/A
172.66.45.193,4,4,0.00,2.77,0.00,N/A
172.65.36.237,4,4,0.00,2.78,0.00,N/A
172.67.250.254,4,4,0.00,2.78,0.00,N/A
162.159.20.144,4,4,0.00,2.79,0.00,N/A
104.21.14.69,4,4,0.00,2.79,0.00,N/A
104.27.116.79,4,4,0.00,2.79,0.00,N/A
104.27.48.157,4,4,0.00,2.79,0.00,N/A
104.21.44.117,4,4,0.00,2.79,0.00,N/A
162.159.7.41,4,4,0.00,2.79,0.00,N/A
172.67.156.178,4,4,0.00,2.80,0.00,N/A
172.67.212.215,4,4,0.00,2.80,0.00,N/A
104.21.25.203,4,4,0.00,2.80,0.00,N/A
162.159.34.238,4,4,0.00,2.80,0.00,N/A
162.159.1.133,4,4,0.00,2.80,0.00,N/A
162.159.21.19,4,4,0.00,2.81,0.00,N/A
104.21.79.202,4,4,0.00,2.81,0.00,N/A
104.21.83.194,4,4,0.00,2.81,0.00,N/A
104.25.151.37,4,4,0.00,2.81,0.00,N/A
104.27.97.91,4,4,0.00,2.81,0.00,N/A
172.67.208.208,4,4,0.00,2.81,0.00,N/A
172.65.110.212,4,4,0.00,2.81,0.00,N/A
172.67.102.35,4,4,0.00,2.82,0.00,N/A
104.21.110.209,4,4,0.00,2.82,0.00,N/A
172.67.76.38,4,4,0.00,2.82,0.00,N/A
172.67.135.172,4,4,0.00,2.82,0.00,N/A
104.21.95.92,4,4,0.00,2.82,0.00,N/A
172.67.248.229,4,4,0.00,2.83,0.00,N/A
172.67.91.200,4,4,0.00,2.83,0.00,N/A
172.67.157.236,4,4,0.00,2.83,0.00,N/A
104.27.102.192,4,4,0.00,2.84,0.00,N/A
104.27.4.134,4,4,0.00,2.84,0.00,N/A
104.27.52.73,4,4,0.00,2.84,0.00,N/A
104.21.98.55,4,4,0.00,2.84,0.00,N/A
104.21.7.72,4,4,0.00,2.84,0.00,N/A
104.27.77.77,4,4,0.00,2.85,0.00,N/A
104.21.96.123,4,4,0.00,2.85,0.00,N/A
104.21.106.241,4,4,0.00,2.86,0.00,N/A
172.65.208.156,4,4,0.00,2.86,0.00,N/A
172.67.81.184,4,4,0.00,2.86,0.00,N/A
104.27.118.190,4,4,0.00,2.86,0.00,N/A
172.67.95.57,4,4,0.00,2.87,0.00,N/A
172.67.243.236,4,4,0.00,2.87,0.00,N/A
162.159.2.244,4,4,0.00,2.87,0.00,N/A
172.66.3.12,4,4,0.00,2.87,0.00,N/A
104.27.104.137,4,4,0.00,2.87,0.00,N/A
104.21.103.207,4,4,0.00,2.88,0.00,N/A
104.21.108.164,4,4,0.00,2.88,0.00,N/A
172.67.255.76,4,4,0.00,2.88,0.00,N/A
104.27.109.75,4,4,0.00,2.88,0.00,N/A
104.27.87.115,4,4,0.00,2.89,0.00,N/A
172.67.70.61,4,4,0.00,2.89,0.00,N/A
162.159.58.223,4,4,0.00,2.89,0.00,N/A
104.27.12.136,4,4,0.00,2.89,0.00,N/A
172.65.112.243,4,4,0.00,2.90,0.00,N/A
162.159.61.184,4,4,0.00,2.90,0.00,N/A
104.21.115.190,4,4,0.00,2.90,0.00,N/A
104.21.127.26,4,4,0.00,2.90,0.00,N/A
162.159.11.118,4,4,0.00,2.90,0.00,N/A
172.67.160.66,4,4,0.00,2.90,0.00,N/A
172.67.202.126,4,4,0.00,2.90,0.00,N/A
172.65.223.161,4,4,0.00,2.91,0.00,N/A
172.67.180.236,4,4,0.00,2.91,0.00,N/A
104.21.57.15,4,4,0.00,2.91,0.00,N/A
172.65.179.240,4,4,0.00,2.91,0.00,N/A
172.65.212.23,4,4,0.00,2.92,0.00,N/A
104.21.78.71,4,4,0.00,2.92,0.00,N/A
172.67.234.153,4,4,0.00,2.92,0.00,N/A
104.27.21.7,4,4,0.00,2.92,0.00,N/A
172.67.207.40,4,4,0.00,2.93,0.00,N/A
104.27.84.177,4,4,0.00,2.93,0.00,N/A
104.27.27.80,4,4,0.00,2.93,0.00,N/A
104.27.72.156,4,4,0.00,2.93,0.00,N/A
172.66.1.140,4,4,0.00,2.94,0.00,N/A
162.159.141.243,4,4,0.00,2.94,0.00,N/A
104.21.91.75,4,4,0.00,2.94,0.00,N/A
104.27.106.83,4,4,0.00,2.94,0.00,N/A
162.159.207.74,4,4,0.00,2.94,0.00,N/A
172.65.96.17,4,4,0.00,2.94,0.00,N/A
104.21.107.117,4,4,0.00,2.94,0.00,N/A
162.159.9.110,4,4,0.00,2.95,0.00,N/A
104.21.109.129,4,4,0.00,2.95,0.00,N/A
104.21.3.136,4,4,0.00,2.95,0.00,N/A
104.21.99.252,4,4,0.00,2.95,0.00,N/A
172.67.178.226,4,4,0.00,2.95,0.00,N/A
172.65.217.192,4,4,0.00,2.96,0.00,N/A
172.67.221.143,4,4,0.00,2.97,0.00,N/A
104.21.61.121,4,4,0.00,2.97,0.00,N/A
104.21.93.152,4,4,0.00,2.97,0.00,N/A
172.67.137.144,4,4,0.00,2.97,0.00,N/A
162.159.4.226,4,4,0.00,2.98,0.00,N/A
172.65.61.15,4,4,0.00,2.98,0.00,N/A
172.65.249.247,4,4,0.00,2.98,0.00,N/A
104.27.83.202,4,4,0.00,2.98,0.00,N/A
172.67.181.70,4,4,0.00,2.98,0.00,N/A
104.27.96.202,4,4,0.00,2.98,0.00,N/A
172.65.113.67,4,4,0.00,2.99,0.00,N/A
172.67.236.100,4,4,0.00,2.99,0.00,N/A
104.27.110.93,4,4,0.00,2.99,0.00,N/A
172.67.196.211,4,4,0.00,2.99,0.00,N/A
104.27.197.205,4,4,0.00,3.00,0.00,N/A
172.67.235.193,4,4,0.00,3.00,0.00,N/A
104.21.36.234,4,4,0.00,3.00,0.00,N/A
104.27.43.123,4,4,0.00,3.01,0.00,N/A
104.27.23.187,4,4,0.00,3.01,0.00,N/A
162.159.17.49,4,4,0.00,3.01,0.00,N/A
172.67.96.58,4,4,0.00,3.01,0.00,N/A
104.16.39.80,4,4,0.00,3.02,0.00,N/A
172.65.234.191,4,4,0.00,3.02,0.00,N/A
104.27.45.158,4,4,0.00,3.02,0.00,N/A
172.66.43.138,4,4,0.00,3.03,0.00,N/A
172.67.213.213,4,4,0.00,3.03,0.00,N/A
104.21.124.116,4,4,0.00,3.03,0.00,N/A
162.159.26.42,4,4,0.00,3.03,0.00,N/A
104.27.47.180,4,4,0.00,3.03,0.00,N/A
172.65.255.179,4,4,0.00,3.03,0.00,N/A
162.159.42.211,4,4,0.00,3.03,0.00,N/A
104.27.114.179,4,4,0.00,3.03,0.00,N/A
104.21.97.239,4,4,0.00,3.03,0.00,N/A
172.67.78.252,4,4,0.00,3.04,0.00,N/A
104.27.54.236,4,4,0.00,3.04,0.00,N/A
104.21.8.231,4,4,0.00,3.04,0.00,N/A
162.159.19.222,4,4,0.00,3.04,0.00,N/A
172.67.185.127,4,4,0.00,3.04,0.00,N/A
104.27.58.159,4,4,0.00,3.05,0.00,N/A
172.67.82.125,4,4,0.00,3.05,0.00,N/A
162.159.92.109,4,4,0.00,3.05,0.00,N/A
172.67.239.134,4,4,0.00,3.05,0.00,N/A
172.67.247.59,4,4,0.00,3.05,0.00,N/A
162.159.22.162,4,4,0.00,3.05,0.00,N/A
104.27.38.179,4,4,0.00,3.06,0.00,N/A
172.67.162.22,4,4,0.00,3.06,0.00,N/A
172.65.43.188,4,4,0.00,3.06,0.00,N/A
104.27.117.40,4,4,0.00,3.06,0.00,N/A
104.27.70.204,4,4,0.00,3.08,0.00,N/A
162.159.23.122,4,4,0.00,3.08,0.00,N/A
104.21.16.212,4,4,0.00,3.08,0.00,N/A
172.67.244.149,4,4,0.00,3.08,0.00,N/A
104.21.102.160,4,4,0.00,3.08,0.00,N/A
172.65.118.113,4,4,0.00,3.08,0.00,N/A
172.67.118.157,4,4,0.00,3.08,0.00,N/A
172.67.103.231,4,4,0.00,3.08,0.00,N/A
104.27.28.128,4,4,0.00,3.09,0.00,N/A
172.67.153.185,4,4,0.00,3.09,0.00,N/A
104.21.4.65,4,4,0.00,3.09,0.00,N/A
104.21.94.38,4,4,0.00,3.09,0.00,N/A
104.27.123.104,4,4,0.00,3.09,0.00,N/A
104.21.119.176,4,4,0.00,3.09,0.00,N/A
172.67.128.147,4,4,0.00,3.09,0.00,N/A
172.67.237.9,4,4,0.00,3.10,0.00,N/A
172.67.245.53,4,4,0.00,3.10,0.00,N/A
172.67.198.92,4,4,0.00,3.10,0.00,N/A
162.159.27.143,4,4,0.00,3.10,0.00,N/A
162.159.15.20,4,4,0.00,3.11,0.00,N/A
104.21.46.118,4,4,0.00,3.11,0.00,N/A
172.67.240.69,4,4,0.00,3.11,0.00,N/A
104.21.82.143,4,4,0.00,3.12,0.00,N/A
104.27.108.4,4,4,0.00,3.12,0.00,N/A
172.65.218.66,4,4,0.00,3.12,0.00,N/A
104.16.27.174,4,4,0.00,3.12,0.00,N/A
104.21.21.163,4,4,0.00,3.13,0.00,N/A
104.27.115.234,4,4,0.00,3.13,0.00,N/A
162.159.239.7,4,4,0.00,3.13,0.00,N/A
104.27.79.57,4,4,0.00,3.13,0.00,N/A
104.21.101.149,4,4,0.00,3.13,0.00,N/A
172.67.223.70,4,4,0.00,3.13,0.00,N/A
104.21.118.106,4,4,0.00,3.14,0.00,N/A
104.27.99.132,4,4,0.00,3.14,0.00,N/A
172.65.221.70,4,4,0.00,3.14,0.00,N/A
104.27.105.99,4,4,0.00,3.14,0.00,N/A
104.27.49.83,4,4,0.00,3.15,0.00,N/A
104.27.18.15,4,4,0.00,3.15,0.00,N/A
172.67.104.232,4,4,0.00,3.15,0.00,N/A
104.21.60.34,4,4,0.00,3.15,0.00,N/A
104.21.113.122,4,4,0.00,3.15,0.00,N/A
172.67.228.81,4,4,0.00,3.16,0.00,N/A
162.159.24.153,4,4,0.00,3.16,0.00,N/A
104.21.92.7,4,4,0.00,3.16,0.00,N/A
172.67.199.245,4,4,0.00,3.17,0.00,N/A
104.27.32.62,4,4,0.00,3.17,0.00,N/A
104.21.9.196,4,4,0.00,3.18,0.00,N/A
172.67.242.188,4,4,0.00,3.18,0.00,N/A
162.159.32.47,4,4,0.00,3.18,0.00,N/A
104.21.63.230,4,4,0.00,3.18,0.00,N/A
104.27.33.142,4,4,0.00,3.18,0.00,N/A
172.67.133.212,4,4,0.00,3.19,0.00,N/A
104.21.56.247,4,4,0.00,3.19,0.00,N/A
104.21.54.155,4,4,0.00,3.19,0.00,N/A
104.21.10.5,4,4,0.00,3.20,0.00,N/A
172.67.231.146,4,4,0.00,3.20,0.00,N/A
172.67.204.232,4,4,0.00,3.20,0.00,N/A
172.65.107.15,4,4,0.00,3.20,0.00,N/A
172.67.193.203,4,4,0.00,3.20,0.00,N/A
104.27.80.1,4,4,0.00,3.20,0.00,N/A
104.21.77.49,4,4,0.00,3.21,0.00,N/A
104.27.92.4,4,4,0.00,3.21,0.00,N/A
172.67.229.142,4,4,0.00,3.21,0.00,N/A
104.27.88.138,4,4,0.00,3.21,0.00,N/A
172.67.233.27,4,4,0.00,3.21,0.00,N/A
172.67.119.167,4,4,0.00,3.21,0.00,N/A
172.67.144.229,4,4,0.00,3.21,0.00,N/A
104.21.5.24,4,4,0.00,3.21,0.00,N/A
104.27.16.39,4,4,0.00,3.22,0.00,N/A
104.27.30.200,4,4,0.00,3.22,0.00,N/A
172.67.97.161,4,4,0.00,3.23,0.00,N/A
104.21.74.0,4,4,0.00,3.23,0.00,N/A
104.27.119.4,4,4,0.00,3.24,0.00,N/A
104.21.104.155,4,4,0.00,3.24,0.00,N/A
172.67.224.68,4,4,0.00,3.24,0.00,N/A
104.27.5.80,4,4,0.00,3.24,0.00,N/A
172.67.195.143,4,4,0.00,3.25,0.00,N/A
162.159.48.10,4,4,0.00,3.26,0.00,N/A
104.21.11.248,4,4,0.00,3.26,0.00,N/A
104.27.51.161,4,4,0.00,3.27,0.00,N/A
172.65.140.100,4,4,0.00,3.27,0.00,N/A
104.21.122.13,4,4,0.00,3.27,0.00,N/A
104.21.40.196,4,4,0.00,3.27,0.00,N/A
172.65.250.122,4,4,0.00,3.27,0.00,N/A
104.21.86.105,4,4,0.00,3.27,0.00,N/A
104.27.68.251,4,4,0.00,3.27,0.00,N/A
104.21.26.195,4,4,0.00,3.28,0.00,N/A
104.21.84.145,4,4,0.00,3.28,0.00,N/A
172.67.222.54,4,4,0.00,3.28,0.00,N/A
104.21.6.180,4,4,0.00,3.29,0.00,N/A
104.21.65.177,4,4,0.00,3.29,0.00,N/A
104.27.64.108,4,4,0.00,3.29,0.00,N/A
172.65.178.198,4,4,0.00,3.29,0.00,N/A
172.67.241.131,4,4,0.00,3.30,0.00,N/A
172.67.108.180,4,4,0.00,3.31,0.00,N/A
104.20.32.46,4,4,0.00,3.31,0.00,N/A
104.27.56.229,4,4,0.00,3.32,0.00,N/A
172.67.174.165,4,4,0.00,3.32,0.00,N/A
172.65.240.165,4,4,0.00,3.32,0.00,N/A
172.65.254.109,4,4,0.00,3.32,0.00,N/A
104.25.152.121,4,4,0.00,3.32,0.00,N/A
104.27.75.118,4,4,0.00,3.33,0.00,N/A
104.21.45.66,4,4,0.00,3.33,0.00,N/A
104.21.55.145,4,4,0.00,3.34,0.00,N/A
104.21.41.170,4,4,0.00,3.35,0.00,N/A
162.159.13.204,4,4,0.00,3.35,0.00,N/A
172.67.220.3,4,4,0.00,3.35,0.00,N/A
172.67.158.116,4,4,0.00,3.35,0.00,N/A
104.27.66.75,4,4,0.00,3.35,0.00,N/A
104.21.85.72,4,4,0.00,3.36,0.00,N/A
104.21.89.207,4,4,0.00,3.36,0.00,N/A
172.67.197.10,4,4,0.00,3.36,0.00,N/A
104.21.88.76,4,4,0.00,3.36,0.00,N/A
172.67.219.20,4,4,0.00,3.37,0.00,N/A
172.67.209.127,4,4,0.00,3.37,0.00,N/A
104.27.94.53,4,4,0.00,3.38,0.00,N/A
172.65.46.15,4,4,0.00,3.39,0.00,N/A
172.67.217.163,4,4,0.00,3.39,0.00,N/A
104.27.63.82,4,4,0.00,3.40,0.00,N/A
104.21.20.6,4,4,0.00,3.40,0.00,N/A
172.67.227.94,4,4,0.00,3.40,0.00,N/A
172.65.246.150,4,4,0.00,3.40,0.00,N/A
104.27.95.8,4,4,0.00,3.40,0.00,N/A
172.65.206.169,4,4,0.00,3.41,0.00,N/A
104.27.62.120,4,4,0.00,3.41,0.00,N/A
172.67.159.21,4,4,0.00,3.42,0.00,N/A
104.25.150.208,4,4,0.00,3.43,0.00,N/A
172.67.107.183,4,4,0.00,3.43,0.00,N/A
172.66.0.107,4,4,0.00,3.43,0.00,N/A
172.67.124.174,4,4,0.00,3.43,0.00,N/A
104.21.47.39,4,4,0.00,3.43,0.00,N/A
104.27.89.24,4,4,0.00,3.44,0.00,N/A
104.27.34.28,4,4,0.00,3.44,0.00,N/A
104.21.71.240,4,4,0.00,3.44,0.00,N/A
104.21.15.111,4,4,0.00,3.44,0.00,N/A
172.65.63.155,4,4,0.00,3.45,0.00,N/A
104.27.22.176,4,4,0.00,3.45,0.00,N/A
104.21.59.83,4,4,0.00,3.45,0.00,N/A
172.65.205.242,4,4,0.00,3.46,0.00,N/A
172.67.232.77,4,4,0.00,3.46,0.00,N/A
172.67.187.122,4,4,0.00,3.46,0.00,N/A
104.27.59.43,4,4,0.00,3.46,0.00,N/A
172.67.216.143,4,4,0.00,3.47,0.00,N/A
172.65.209.133,4,4,0.00,3.47,0.00,N/A
104.27.122.179,4,4,0.00,3.47,0.00,N/A
172.65.216.238,4,4,0.00,3.47,0.00,N/A
172.65.233.193,4,4,0.00,3.47,0.00,N/A
172.67.184.206,4,4,0.00,3.47,0.00,N/A
104.21.50.42,4,4,0.00,3.49,0.00,N/A
172.65.186.96,4,4,0.00,3.49,0.00,N/A
104.27.91.48,4,4,0.00,3.49,0.00,N/A
172.67.89.119,4,4,0.00,3.50,0.00,N/A
104.21.64.138,4,4,0.00,3.50,0.00,N/A
104.21.87.220,4,4,0.00,3.50,0.00,N/A
172.67.175.185,4,4,0.00,3.51,0.00,N/A
172.65.242.5,4,4,0.00,3.51,0.00,N/A
104.27.121.47,4,4,0.00,3.51,0.00,N/A
172.65.235.115,4,4,0.00,3.51,0.00,N/A
104.21.121.70,4,4,0.00,3.51,0.00,N/A
162.159.199.132,4,4,0.00,3.51,0.00,N/A
104.27.101.187,4,4,0.00,3.52,0.00,N/A
104.27.13.5,4,4,0.00,3.52,0.00,N/A
172.65.227.185,4,4,0.00,3.53,0.00,N/A
104.27.98.52,4,4,0.00,3.54,0.00,N/A
104.27.69.42,4,4,0.00,3.54,0.00,N/A
172.67.186.209,4,4,0.00,3.54,0.00,N/A
104.27.39.41,4,4,0.00,3.54,0.00,N/A
162.159.94.227,4,4,0.00,3.55,0.00,N/A
104.27.93.199,4,4,0.00,3.55,0.00,N/A
162.159.212.99,4,4,0.00,3.56,0.00,N/A
104.27.90.129,4,4,0.00,3.57,0.00,N/A
104.25.136.73,4,4,0.00,3.57,0.00,N/A
172.65.187.30,4,4,0.00,3.57,0.00,N/A
104.27.82.40,4,4,0.00,3.58,0.00,N/A
172.67.146.105,4,4,0.00,3.58,0.00,N/A
141.101.121.154,4,4,0.00,3.59,0.00,N/A
172.65.220.79,4,4,0.00,3.60,0.00,N/A
104.21.19.41,4,4,0.00,3.61,0.00,N/A
172.67.225.149,4,4,0.00,3.61,0.00,N/A
172.65.211.37,4,4,0.00,3.61,0.00,N/A
172.67.210.41,4,4,0.00,3.61,0.00,N/A
104.21.76.253,4,4,0.00,3.61,0.00,N/A
172.65.237.237,4,4,0.00,3.61,0.00,N/A
104.27.73.177,4,4,0.00,3.61,0.00,N/A
172.67.194.211,4,4,0.00,3.62,0.00,N/A
104.27.81.186,4,4,0.00,3.62,0.00,N/A
104.21.116.252,4,4,0.00,3.62,0.00,N/A
104.21.2.248,4,4,0.00,3.62,0.00,N/A
104.21.17.23,4,4,0.00,3.63,0.00,N/A
104.27.37.190,4,4,0.00,3.64,0.00,N/A
104.21.68.122,4,4,0.00,3.64,0.00,N/A
104.21.69.250,4,4,0.00,3.65,0.00,N/A
104.21.90.104,4,4,0.00,3.67,0.00,N/A
172.65.58.98,4,4,0.00,3.67,0.00,N/A
104.21.52.62,4,4,0.00,3.68,0.00,N/A
172.67.129.88,4,4,0.00,3.68,0.00,N/A
172.65.247.107,4,4,0.00,3.68,0.00,N/A
162.159.36.100,4,4,0.00,3.69,0.00,N/A
172.65.56.247,4,4,0.00,3.69,0.00,N/A
172.67.155.160,4,4,0.00,3.70,0.00,N/A
104.21.75.100,4,4,0.00,3.71,0.00,N/A
172.65.241.72,4,4,0.00,3.72,0.00,N/A
172.67.215.2,4,4,0.00,3.72,0.00,N/A
172.65.239.106,4,4,0.00,3.72,0.00,N/A
172.67.113.12,4,4,0.00,3.72,0.00,N/A
104.27.17.148,4,4,0.00,3.73,0.00,N/A
104.16.35.61,4,4,0.00,3.73,0.00,N/A
104.21.34.84,4,4,0.00,3.74,0.00,N/A
104.21.42.122,4,4,0.00,3.75,0.00,N/A
104.25.144.224,4,4,0.00,3.76,0.00,N/A
172.65.155.217,4,4,0.00,3.76,0.00,N/A
172.67.86.91,4,4,0.00,3.76,0.00,N/A
172.67.122.180,4,4,0.00,3.76,0.00,N/A
172.67.218.141,4,4,0.00,3.76,0.00,N/A
172.67.170.79,4,4,0.00,3.77,0.00,N/A
104.27.11.122,4,4,0.00,3.77,0.00,N/A
104.21.48.246,4,4,0.00,3.77,0.00,N/A
172.67.109.241,4,4,0.00,3.77,0.00,N/A
172.67.173.92,4,4,0.00,3.77,0.00,N/A
162.159.8.130,4,4,0.00,3.78,0.00,N/A
104.27.61.106,4,4,0.00,3.78,0.00,N/A
104.21.35.237,4,4,0.00,3.78,0.00,N/A
104.21.53.18,4,4,0.00,3.79,0.00,N/A
172.67.176.70,4,4,0.00,3.79,0.00,N/A
104.27.65.152,4,4,0.00,3.79,0.00,N/A
162.159.46.251,4,4,0.00,3.80,0.00,N/A
108.162.192.151,4,4,0.00,3.82,0.00,N/A
104.21.24.158,4,4,0.00,3.83,0.00,N/A
162.159.194.110,4,4,0.00,3.83,0.00,N/A
162.159.128.137,4,4,0.00,3.83,0.00,N/A
104.21.49.146,4,4,0.00,3.83,0.00,N/A
172.67.121.15,4,4,0.00,3.84,0.00,N/A
108.162.194.11,4,4,0.00,3.85,0.00,N/A
172.67.177.232,4,4,0.00,3.85,0.00,N/A
172.67.152.114,4,4,0.00,3.85,0.00,N/A
141.101.113.52,4,4,0.00,3.85,0.00,N/A
172.64.144.234,4,4,0.00,1.50,0.00,N/A
172.67.110.55,4,4,0.00,3.85,0.00,N/A
104.21.29.40,4,4,0.00,3.86,0.00,N/A
141.101.120.195,4,4,0.00,3.86,0.00,N/A
172.65.81.175,4,4,0.00,3.87,0.00,N/A
172.67.106.127,4,4,0.00,3.87,0.00,N/A
104.19.237.112,4,4,0.00,8.67,0.00,N/A
172.66.140.73,4,4,0.00,1.51,0.00,N/A
104.25.107.43,4,4,0.00,2.00,0.00,N/A
104.25.132.36,4,4,0.00,3.90,0.00,N/A
104.21.72.51,4,4,0.00,3.91,0.00,N/A
141.101.115.125,4,4,0.00,3.91,0.00,N/A
172.65.201.16,4,4,0.00,3.88,0.00,N/A
104.21.27.140,4,4,0.00,3.91,0.00,N/A
172.67.169.8,4,4,0.00,3.92,0.00,N/A
172.67.120.191,4,4,0.00,3.92,0.00,N/A
172.67.179.68,4,4,0.00,3.92,0.00,N/A
162.159.153.218,4,4,0.00,3.93,0.00,N/A
104.25.147.219,4,4,0.00,3.93,0.00,N/A
104.16.7.207,4,4,0.00,3.94,0.00,N/A
104.27.71.151,4,4,0.00,3.94,0.00,N/A
104.21.38.223,4,4,0.00,3.95,0.00,N/A
104.21.32.158,4,4,0.00,3.95,0.00,N/A
104.21.67.166,4,4,0.00,3.95,0.00,N/A
104.25.137.100,4,4,0.00,3.96,0.00,N/A
104.21.70.9,4,4,0.00,3.98,0.00,N/A
172.65.124.108,4,4,0.00,3.98,0.00,N/A
108.162.193.119,4,4,0.00,3.99,0.00,N/A
172.67.117.163,4,4,0.00,3.99,0.00,N/A
141.101.114.167,4,4,0.00,3.99,0.00,N/A
104.21.30.126,4,4,0.00,3.99,0.00,N/A
104.27.10.17,4,4,0.00,3.99,0.00,N/A
104.20.63.97,4,4,0.00,4.00,0.00,N/A
104.27.15.245,4,4,0.00,4.00,0.00,N/A
104.27.25.90,4,4,0.00,4.01,0.00,N/A
104.25.139.140,4,4,0.00,4.01,0.00,N/A
172.67.230.52,4,4,0.00,4.01,0.00,N/A
104.21.31.154,4,4,0.00,4.01,0.00,N/A
104.21.66.210,4,4,0.00,4.02,0.00,N/A
172.67.171.131,4,4,0.00,4.03,0.00,N/A
104.21.51.215,4,4,0.00,4.04,0.00,N/A
141.101.123.11,4,4,0.00,4.04,0.00,N/A
172.67.130.110,4,4,0.00,4.04,0.00,N/A
172.67.105.32,4,4,0.00,4.05,0.00,N/A
172.67.183.186,4,4,0.00,4.05,0.00,N/A
172.67.163.76,4,4,0.00,4.07,0.00,N/A
104.25.143.253,4,4,0.00,4.08,0.00,N/A
104.27.67.6,4,4,0.00,4.08,0.00,N/A
172.67.131.237,4,4,0.00,4.08,0.00,N/A
104.16.37.140,4,4,0.00,4.08,0.00,N/A
141.101.122.105,4,4,0.00,4.10,0.00,N/A
104.20.56.47,4,4,0.00,4.10,0.00,N/A
162.159.230.173,4,4,0.00,4.10,0.00,N/A
172.67.123.73,4,4,0.00,4.11,0.00,N/A
190.93.247.55,4,4,0.00,4.13,0.00,N/A
172.65.180.251,4,4,0.00,4.14,0.00,N/A
172.65.188.160,4,4,0.00,4.14,0.00,N/A
104.20.34.228,4,4,0.00,4.15,0.00,N/A
172.65.174.121,4,4,0.00,4.15,0.00,N/A
162.159.25.99,4,4,0.00,4.15,0.00,N/A
104.16.66.131,4,4,0.00,4.17,0.00,N/A
172.67.138.65,4,4,0.00,4.18,0.00,N/A
104.21.22.214,4,4,0.00,4.19,0.00,N/A
104.16.60.4,4,4,0.00,4.19,0.00,N/A
172.65.39.231,4,4,0.00,4.19,0.00,N/A
172.65.53.158,4,4,0.00,4.20,0.00,N/A
172.65.45.133,4,4,0.00,4.20,0.00,N/A
172.65.194.108,4,4,0.00,4.21,0.00,N/A
188.114.98.165,4,4,0.00,4.21,0.00,N/A
172.67.151.40,4,4,0.00,4.21,0.00,N/A
172.67.99.252,4,4,0.00,4.21,0.00,N/A
172.67.116.216,4,4,0.00,4.22,0.00,N/A
172.67.139.253,4,4,0.00,4.22,0.00,N/A
104.20.59.155,4,4,0.00,4.24,0.00,N/A
104.21.28.177,4,4,0.00,4.24,0.00,N/A
172.65.189.139,4,4,0.00,4.24,0.00,N/A
104.21.73.27,4,4,0.00,4.25,0.00,N/A
162.159.241.184,4,4,0.00,4.25,0.00,N/A
188.114.99.91,4,4,0.00,4.27,0.00,N/A
172.65.166.16,4,4,0.00,4.29,0.00,N/A
104.27.9.104,4,4,0.00,4.30,0.00,N/A
104.21.23.89,4,4,0.00,4.30,0.00,N/A
188.114.96.102,4,4,0.00,4.30,0.00,N/A
104.21.120.84,4,4,0.00,4.31,0.00,N/A
172.65.191.226,4,4,0.00,4.31,0.00,N/A
104.27.1.92,4,4,0.00,4.31,0.00,N/A
172.65.185.72,4,4,0.00,4.32,0.00,N/A
104.20.57.123,4,4,0.00,4.33,0.00,N/A
104.21.18.68,4,4,0.00,4.33,0.00,N/A
190.93.244.99,4,4,0.00,4.33,0.00,N/A
172.67.192.219,4,4,0.00,4.35,0.00,N/A
172.67.172.34,4,4,0.00,4.36,0.00,N/A
104.27.8.201,4,4,0.00,4.36,0.00,N/A
172.65.200.189,4,4,0.00,4.37,0.00,N/A
172.65.22.115,4,4,0.00,4.37,0.00,N/A
104.16.11.136,4,4,0.00,4.38,0.00,N/A
104.16.85.253,4,4,0.00,4.38,0.00,N/A
104.17.56.242,4,4,0.00,4.38,0.00,N/A
172.65.44.197,4,4,0.00,4.38,0.00,N/A
104.16.62.28,4,4,0.00,4.40,0.00,N/A
172.67.166.234,4,4,0.00,4.40,0.00,N/A
104.21.0.208,4,4,0.00,4.40,0.00,N/A
172.67.83.95,4,4,0.00,4.41,0.00,N/A
172.67.191.208,4,4,0.00,4.41,0.00,N/A
172.65.42.27,4,4,0.00,4.44,0.00,N/A
188.114.97.244,4,4,0.00,4.44,0.00,N/A
172.67.142.243,4,4,0.00,4.45,0.00,N/A
173.245.58.17,4,4,0.00,4.46,0.00,N/A
190.93.245.210,4,4,0.00,4.47,0.00,N/A
172.67.150.192,4,4,0.00,4.50,0.00,N/A
172.67.140.108,4,4,0.00,4.50,0.00,N/A
172.67.147.36,4,4,0.00,4.50,0.00,N/A
172.65.198.50,4,4,0.00,4.51,0.00,N/A
104.18.4.20,4,4,0.00,4.52,0.00,N/A
104.21.12.124,4,4,0.00,4.53,0.00,N/A
190.93.246.111,4,4,0.00,4.53,0.00,N/A
172.67.165.205,4,4,0.00,4.53,0.00,N/A
172.67.80.155,4,4,0.00,4.54,0.00,N/A
162.159.235.112,4,4,0.00,4.55,0.00,N/A
104.16.23.139,4,4,0.00,4.55,0.00,N/A
173.245.59.186,4,4,0.00,4.55,0.00,N/A
104.16.40.111,4,4,0.00,4.56,0.00,N/A
104.20.13.36,4,4,0.00,4.58,0.00,N/A
172.67.115.224,4,4,0.00,4.58,0.00,N/A
172.65.50.103,4,4,0.00,4.58,0.00,N/A
104.20.60.131,4,4,0.00,4.59,0.00,N/A
172.67.167.201,4,4,0.00,4.63,0.00,N/A
104.21.1.214,4,4,0.00,4.64,0.00,N/A
162.159.197.200,4,4,0.00,4.64,0.00,N/A
104.20.61.11,4,4,0.00,4.66,0.00,N/A
173.245.49.44,4,4,0.00,4.66,0.00,N/A
172.67.161.184,4,4,0.00,4.66,0.00,N/A
172.67.66.206,4,4,0.00,4.67,0.00,N/A
172.67.164.53,4,4,0.00,4.69,0.00,N/A
104.20.58.52,4,4,0.00,4.69,0.00,N/A
104.20.35.227,4,4,0.00,4.70,0.00,N/A
104.19.74.7,4,4,0.00,4.71,0.00,N/A
172.67.87.232,4,4,0.00,4.72,0.00,N/A
104.19.8.37,4,4,0.00,4.74,0.00,N/A
172.67.132.179,4,4,0.00,4.75,0.00,N/A
104.16.221.48,4,4,0.00,4.78,0.00,N/A
104.19.238.3,4,4,0.00,4.79,0.00,N/A
104.17.228.85,4,4,0.00,4.81,0.00,N/A
104.16.80.17,4,4,0.00,4.81,0.00,N/A
104.16.218.17,4,4,0.00,4.81,0.00,N/A
104.20.33.187,4,4,0.00,4.81,0.00,N/A
172.67.154.75,4,4,0.00,4.81,0.00,N/A
162.159.142.233,4,4,0.00,4.81,0.00,N/A
104.16.0.122,4,4,0.00,4.83,0.00,N/A
104.20.51.211,4,4,0.00,4.85,0.00,N/A
104.16.15.33,4,4,0.00,4.85,0.00,N/A
104.20.50.7,4,4,0.00,4.85,0.00,N/A
104.17.148.124,4,4,0.00,4.87,0.00,N/A
172.67.136.158,4,4,0.00,4.87,0.00,N/A
104.18.230.32,4,4,0.00,4.88,0.00,N/A
162.159.135.62,4,4,0.00,4.88,0.00,N/A
104.16.84.246,4,4,0.00,4.91,0.00,N/A
104.20.31.13,4,4,0.00,4.92,0.00,N/A
104.17.184.207,4,4,0.00,4.92,0.00,N/A
104.16.36.121,4,4,0.00,4.93,0.00,N/A
104.16.1.107,4,4,0.00,4.93,0.00,N/A
104.20.30.1,4,4,0.00,4.95,0.00,N/A
104.16.30.108,4,4,0.00,4.96,0.00,N/A
104.20.36.232,4,4,0.00,4.96,0.00,N/A
104.20.28.145,4,4,0.00,4.98,0.00,N/A
162.159.228.160,4,4,0.00,4.98,0.00,N/A
104.17.81.23,4,4,0.00,5.00,0.00,N/A
104.16.61.215,4,4,0.00,5.10,0.00,N/A
104.20.62.117,4,4,0.00,5.11,0.00,N/A
104.19.250.127,4,4,0.00,5.11,0.00,N/A
104.20.37.158,4,4,0.00,5.12,0.00,N/A
104.19.178.118,4,4,0.00,5.13,0.00,N/A
162.159.250.141,4,4,0.00,5.16,0.00,N/A
104.20.53.150,4,4,0.00,5.16,0.00,N/A
104.19.159.179,4,4,0.00,5.22,0.00,N/A
104.18.92.9,4,4,0.00,5.26,0.00,N/A
104.18.170.175,4,4,0.00,5.28,0.00,N/A
104.19.161.158,4,4,0.00,5.31,0.00,N/A
162.159.213.139,4,4,0.00,5.34,0.00,N/A
172.67.143.121,4,4,0.00,5.35,0.00,N/A
104.18.84.238,4,4,0.00,5.36,0.00,N/A
104.19.133.130,4,4,0.00,5.37,0.00,N/A
104.17.8.106,4,4,0.00,5.37,0.00,N/A
172.65.32.61,4,4,0.00,5.39,0.00,N/A
104.17.144.163,4,4,0.00,5.40,0.00,N/A
104.20.29.21,4,4,0.00,5.42,0.00,N/A
104.16.254.102,4,4,0.00,5.43,0.00,N/A
104.16.251.116,4,4,0.00,5.43,0.00,N/A
162.159.245.129,4,4,0.00,5.44,0.00,N/A
104.20.55.133,4,4,0.00,5.46,0.00,N/A
104.16.72.99,4,4,0.00,5.48,0.00,N/A
104.16.19.67,4,4,0.00,5.49,0.00,N/A
104.16.12.53,4,4,0.00,5.52,0.00,N/A
104.16.70.83,4,4,0.00,5.52,0.00,N/A
104.20.23.189,4,4,0.00,5.53,0.00,N/A
162.159.243.147,4,4,0.00,5.56,0.00,N/A
104.16.86.156,4,4,0.00,5.57,0.00,N/A
104.19.243.241,4,4,0.00,5.59,0.00,N/A
104.19.129.86,4,4,0.00,5.60,0.00,N/A
104.16.255.198,4,4,0.00,5.62,0.00,N/A
104.16.134.209,4,4,0.00,5.63,0.00,N/A
104.18.241.99,4,4,0.00,5.66,0.00,N/A
172.65.38.126,4,4,0.00,5.68,0.00,N/A
104.16.166.242,4,4,0.00,5.70,0.00,N/A
104.17.0.156,4,4,0.00,5.72,0.00,N/A
104.19.244.126,4,4,0.00,5.73,0.00,N/A
104.18.253.252,4,4,0.00,5.73,0.00,N/A
104.20.42.79,4,4,0.00,5.75,0.00,N/A
104.16.181.70,4,4,0.00,5.75,0.00,N/A
104.18.187.83,4,4,0.00,5.76,0.00,N/A
104.19.50.93,4,4,0.00,5.78,0.00,N/A
104.19.229.54,4,4,0.00,5.79,0.00,N/A
162.159.248.44,4,4,0.00,5.80,0.00,N/A
104.17.252.30,4,4,0.00,5.80,0.00,N/A
104.17.72.83,4,4,0.00,5.80,0.00,N/A
104.16.10.4,4,4,0.00,5.82,0.00,N/A
162.159.242.240,4,4,0.00,5.83,0.00,N/A
104.17.223.130,4,4,0.00,5.83,0.00,N/A
104.17.64.177,4,4,0.00,5.86,0.00,N/A
104.18.221.21,4,4,0.00,5.87,0.00,N/A
104.18.49.246,4,4,0.00,5.89,0.00,N/A
104.16.243.100,4,4,0.00,5.89,0.00,N/A
104.18.56.148,4,4,0.00,5.92,0.00,N/A
104.17.143.110,4,4,0.00,5.92,0.00,N/A
104.18.165.207,4,4,0.00,5.92,0.00,N/A
104.17.209.173,4,4,0.00,5.93,0.00,N/A
104.17.128.106,4,4,0.00,5.93,0.00,N/A
104.19.232.185,4,4,0.00,5.94,0.00,N/A
104.16.51.203,4,4,0.00,5.95,0.00,N/A
104.18.45.71,4,4,0.00,5.96,0.00,N/A
104.17.171.159,4,4,0.00,5.97,0.00,N/A
104.20.3.15,4,4,0.00,5.97,0.00,N/A
104.20.20.107,4,4,0.00,5.97,0.00,N/A
104.18.140.46,4,4,0.00,5.98,0.00,N/A
104.19.127.19,4,4,0.00,6.00,0.00,N/A
104.19.195.70,4,4,0.00,6.00,0.00,N/A
104.17.186.169,4,4,0.00,6.00,0.00,N/A
104.18.46.59,4,4,0.00,6.02,0.00,N/A
104.16.32.248,4,4,0.00,6.02,0.00,N/A
104.17.141.238,4,4,0.00,6.04,0.00,N/A
104.18.139.164,4,4,0.00,6.05,0.00,N/A
104.16.68.166,4,4,0.00,6.06,0.00,N/A
104.17.2.0,4,4,0.00,6.07,0.00,N/A
104.17.69.150,4,4,0.00,6.09,0.00,N/A
104.20.17.172,4,4,0.00,6.09,0.00,N/A
104.16.135.46,4,4,0.00,6.10,0.00,N/A
162.159.229.238,4,4,0.00,6.10,0.00,N/A
104.20.4.210,4,4,0.00,6.11,0.00,N/A
104.19.168.192,4,4,0.00,6.12,0.00,N/A
104.20.1.16,4,4,0.00,6.14,0.00,N/A
104.20.43.13,4,4,0.00,6.14,0.00,N/A
104.19.1.143,4,4,0.00,6.15,0.00,N/A
104.20.54.131,4,4,0.00,6.16,0.00,N/A
104.20.18.13,4,4,0.00,6.17,0.00,N/A
104.19.103.37,4,4,0.00,6.21,0.00,N/A
104.19.234.171,4,4,0.00,6.21,0.00,N/A
104.19.192.89,4,4,0.00,6.22,0.00,N/A
104.17.70.99,4,4,0.00,6.23,0.00,N/A
104.19.191.49,4,4,0.00,6.24,0.00,N/A
104.17.54.191,4,4,0.00,6.24,0.00,N/A
104.20.15.188,4,4,0.00,6.24,0.00,N/A
104.18.125.244,4,4,0.00,6.25,0.00,N/A
104.16.52.107,4,4,0.00,6.27,0.00,N/A
104.17.21.230,4,4,0.00,6.27,0.00,N/A
104.19.95.93,4,4,0.00,6.27,0.00,N/A
104.17.66.191,4,4,0.00,6.28,0.00,N/A
104.16.144.185,4,4,0.00,6.29,0.00,N/A
104.18.53.210,4,4,0.00,6.31,0.00,N/A
104.17.156.193,4,4,0.00,6.31,0.00,N/A
104.19.101.53,4,4,0.00,6.31,0.00,N/A
104.20.49.126,4,4,0.00,6.31,0.00,N/A
104.20.52.218,4,4,0.00,6.35,0.00,N/A
104.16.28.249,4,4,0.00,6.36,0.00,N/A
104.18.119.245,4,4,0.00,6.36,0.00,N/A
104.20.44.114,4,4,0.00,6.37,0.00,N/A
104.20.22.160,4,4,0.00,6.37,0.00,N/A
104.20.27.12,4,4,0.00,6.39,0.00,N/A
104.19.216.52,4,4,0.00,6.39,0.00,N/A
104.18.210.227,4,4,0.00,6.39,0.00,N/A
104.16.88.124,4,4,0.00,6.40,0.00,N/A
104.20.16.24,4,4,0.00,6.42,0.00,N/A
104.19.98.139,4,4,0.00,6.42,0.00,N/A
104.19.198.149,4,4,0.00,6.44,0.00,N/A
104.19.124.51,4,4,0.00,6.46,0.00,N/A
104.16.148.122,4,4,0.00,6.46,0.00,N/A
104.19.51.111,4,4,0.00,6.48,0.00,N/A
104.16.54.184,4,4,0.00,6.51,0.00,N/A
104.19.5.174,4,4,0.00,6.53,0.00,N/A
104.17.61.57,4,4,0.00,6.54,0.00,N/A
104.19.157.86,4,4,0.00,6.54,0.00,N/A
104.19.173.4,4,4,0.00,6.58,0.00,N/A
104.20.26.240,4,4,0.00,6.60,0.00,N/A
104.17.139.127,4,4,0.00,6.62,0.00,N/A
104.18.236.176,4,4,0.00,6.63,0.00,N/A
162.159.206.76,4,4,0.00,6.66,0.00,N/A
104.18.251.164,4,4,0.00,6.67,0.00,N/A
104.18.13.176,4,4,0.00,6.67,0.00,N/A
104.19.82.8,4,4,0.00,6.67,0.00,N/A
104.19.251.46,4,4,0.00,6.68,0.00,N/A
104.19.255.80,4,4,0.00,6.69,0.00,N/A
104.17.63.64,4,4,0.00,6.70,0.00,N/A
104.19.156.222,4,4,0.00,6.70,0.00,N/A
104.16.126.100,4,4,0.00,6.71,0.00,N/A
104.18.39.80,4,4,0.00,6.73,0.00,N/A
104.19.208.222,4,4,0.00,6.73,0.00,N/A
104.16.207.248,4,4,0.00,6.78,0.00,N/A
104.20.38.143,4,4,0.00,6.78,0.00,N/A
104.18.235.131,4,4,0.00,6.79,0.00,N/A
104.18.137.18,4,4,0.00,6.79,0.00,N/A
104.20.47.47,4,4,0.00,6.81,0.00,N/A
104.17.151.190,4,4,0.00,6.82,0.00,N/A
104.18.246.55,4,4,0.00,6.84,0.00,N/A
104.19.163.85,4,4,0.00,6.85,0.00,N/A
104.18.115.188,4,4,0.00,6.91,0.00,N/A
104.17.88.8,4,4,0.00,6.93,0.00,N/A
104.20.5.9,4,4,0.00,6.93,0.00,N/A
104.19.252.33,4,4,0.00,6.94,0.00,N/A
104.19.182.220,4,4,0.00,6.94,0.00,N/A
104.18.93.185,4,4,0.00,6.95,0.00,N/A
104.19.246.101,4,4,0.00,6.96,0.00,N/A
104.19.108.104,4,4,0.00,6.96,0.00,N/A
104.17.1.48,4,4,0.00,6.97,0.00,N/A
104.17.12.176,4,4,0.00,6.99,0.00,N/A
104.18.44.153,4,4,0.00,7.00,0.00,N/A
104.19.109.205,4,4,0.00,7.01,0.00,N/A
104.17.124.49,4,4,0.00,7.03,0.00,N/A
104.19.158.135,4,4,0.00,7.03,0.00,N/A
104.17.62.39,4,4,0.00,7.05,0.00,N/A
104.17.39.65,4,4,0.00,7.06,0.00,N/A
104.18.104.105,4,4,0.00,7.08,0.00,N/A
104.19.76.188,4,4,0.00,7.09,0.00,N/A
104.19.219.235,4,4,0.00,7.10,0.00,N/A
104.18.63.161,4,4,0.00,7.10,0.00,N/A
104.19.199.203,4,4,0.00,7.10,0.00,N/A
104.20.45.17,4,4,0.00,7.12,0.00,N/A
104.19.241.129,4,4,0.00,7.12,0.00,N/A
104.19.222.29,4,4,0.00,7.14,0.00,N/A
104.18.58.24,4,4,0.00,7.15,0.00,N/A
104.20.40.227,4,4,0.00,7.16,0.00,N/A
104.19.239.41,4,4,0.00,7.16,0.00,N/A
104.20.8.217,4,4,0.00,7.17,0.00,N/A
104.18.48.155,4,4,0.00,7.18,0.00,N/A
104.17.164.217,4,4,0.00,7.18,0.00,N/A
104.20.39.203,4,4,0.00,7.19,0.00,N/A
104.19.203.120,4,4,0.00,7.19,0.00,N/A
104.20.19.177,4,4,0.00,7.20,0.00,N/A
104.19.213.188,4,4,0.00,7.20,0.00,N/A
104.18.85.89,4,4,0.00,7.20,0.00,N/A
104.18.78.64,4,4,0.00,7.21,0.00,N/A
104.18.52.251,4,4,0.00,7.21,0.00,N/A
104.16.143.185,4,4,0.00,7.22,0.00,N/A
104.17.163.226,4,4,0.00,7.23,0.00,N/A
104.18.218.43,4,4,0.00,7.23,0.00,N/A
104.18.228.159,4,4,0.00,7.24,0.00,N/A
104.18.248.224,4,4,0.00,7.25,0.00,N/A
104.16.107.225,4,4,0.00,7.26,0.00,N/A
104.18.118.205,4,4,0.00,7.26,0.00,N/A
104.18.0.97,4,4,0.00,7.27,0.00,N/A
104.18.82.15,4,4,0.00,7.27,0.00,N/A
104.17.133.109,4,4,0.00,7.28,0.00,N/A
104.20.46.54,4,4,0.00,7.29,0.00,N/A
104.19.248.149,4,4,0.00,7.29,0.00,N/A
104.19.218.85,4,4,0.00,7.29,0.00,N/A
104.17.16.193,4,4,0.00,7.30,0.00,N/A
104.18.143.6,4,4,0.00,7.31,0.00,N/A
104.20.41.229,4,4,0.00,7.32,0.00,N/A
104.18.120.231,4,4,0.00,7.32,0.00,N/A
104.19.242.72,4,4,0.00,7.33,0.00,N/A
104.17.247.69,4,4,0.00,7.34,0.00,N/A
104.19.221.217,4,4,0.00,7.34,0.00,N/A
104.20.7.100,4,4,0.00,7.35,0.00,N/A
104.20.12.139,4,4,0.00,7.35,0.00,N/A
104.20.10.207,4,4,0.00,7.35,0.00,N/A
104.16.24.79,4,4,0.00,7.35,0.00,N/A
104.18.83.195,4,4,0.00,7.36,0.00,N/A
104.16.176.39,4,4,0.00,7.37,0.00,N/A
104.16.14.38,4,4,0.00,7.37,0.00,N/A
104.18.216.2,4,4,0.00,7.37,0.00,N/A
104.16.248.67,4,4,0.00,7.37,0.00,N/A
104.17.46.136,4,4,0.00,7.39,0.00,N/A
104.18.146.171,4,4,0.00,7.39,0.00,N/A
104.19.93.43,4,4,0.00,7.40,0.00,N/A
104.18.81.163,4,4,0.00,7.41,0.00,N/A
104.19.150.100,4,4,0.00,7.42,0.00,N/A
104.19.215.68,4,4,0.00,7.42,0.00,N/A
104.19.68.236,4,4,0.00,7.43,0.00,N/A
104.16.156.230,4,4,0.00,7.43,0.00,N/A
104.19.175.34,4,4,0.00,7.43,0.00,N/A
104.16.224.151,4,4,0.00,7.44,0.00,N/A
104.18.32.189,4,4,0.00,7.45,0.00,N/A
104.18.131.26,4,4,0.00,7.46,0.00,N/A
104.19.123.226,4,4,0.00,7.46,0.00,N/A
104.19.193.72,4,4,0.00,7.47,0.00,N/A
104.16.145.82,4,4,0.00,7.47,0.00,N/A
104.17.244.187,4,4,0.00,7.48,0.00,N/A
104.18.61.72,4,4,0.00,7.49,0.00,N/A
104.18.141.71,4,4,0.00,7.49,0.00,N/A
104.19.149.93,4,4,0.00,7.49,0.00,N/A
104.16.167.34,4,4,0.00,7.50,0.00,N/A
104.17.3.230,4,4,0.00,7.51,0.00,N/A
104.20.14.171,4,4,0.00,7.53,0.00,N/A
104.17.185.216,4,4,0.00,7.54,0.00,N/A
104.16.13.152,4,4,0.00,7.54,0.00,N/A
104.18.166.25,4,4,0.00,7.54,0.00,N/A
104.19.254.253,4,4,0.00,7.54,0.00,N/A
104.16.42.139,4,4,0.00,7.55,0.00,N/A
104.19.172.104,4,4,0.00,7.55,0.00,N/A
104.19.187.167,4,4,0.00,7.55,0.00,N/A
104.17.253.140,4,4,0.00,7.56,0.00,N/A
104.17.176.226,4,4,0.00,7.57,0.00,N/A
104.19.223.155,4,4,0.00,7.58,0.00,N/A
104.18.14.128,4,4,0.00,7.58,0.00,N/A
104.20.11.224,4,4,0.00,7.59,0.00,N/A
104.18.138.49,4,4,0.00,7.59,0.00,N/A
104.19.245.248,4,4,0.00,7.60,0.00,N/A
104.19.131.61,4,4,0.00,7.61,0.00,N/A
104.16.55.91,4,4,0.00,7.62,0.00,N/A
104.16.146.95,4,4,0.00,7.62,0.00,N/A
104.20.24.238,4,4,0.00,7.63,0.00,N/A
104.18.42.235,4,4,0.00,7.63,0.00,N/A
104.16.33.1,4,4,0.00,7.64,0.00,N/A
104.19.171.248,4,4,0.00,7.64,0.00,N/A
104.16.149.53,4,4,0.00,7.64,0.00,N/A
104.18.91.148,4,4,0.00,7.65,0.00,N/A
104.18.249.48,4,4,0.00,7.67,0.00,N/A
104.19.83.162,4,4,0.00,7.68,0.00,N/A
104.16.202.22,4,4,0.00,7.68,0.00,N/A
104.17.123.205,4,4,0.00,7.69,0.00,N/A
104.19.19.191,4,4,0.00,7.70,0.00,N/A
104.20.21.93,4,4,0.00,7.70,0.00,N/A
104.20.2.71,4,4,0.00,7.71,0.00,N/A
104.19.143.35,4,4,0.00,7.71,0.00,N/A
104.18.89.96,4,4,0.00,7.72,0.00,N/A
104.18.234.107,4,4,0.00,7.72,0.00,N/A
162.159.246.175,4,4,0.00,7.72,0.00,N/A
104.16.124.242,4,4,0.00,7.74,0.00,N/A
104.17.37.65,4,4,0.00,7.74,0.00,N/A
104.16.212.225,4,4,0.00,7.75,0.00,N/A
104.19.122.136,4,4,0.00,7.77,0.00,N/A
104.16.38.110,4,4,0.00,7.77,0.00,N/A
104.16.249.9,4,4,0.00,7.79,0.00,N/A
104.16.155.234,4,4,0.00,7.79,0.00,N/A
104.16.244.75,4,4,0.00,7.79,0.00,N/A
104.18.214.169,4,4,0.00,7.80,0.00,N/A
104.19.160.129,4,4,0.00,7.80,0.00,N/A
162.159.253.199,4,4,0.00,7.80,0.00,N/A
104.18.116.213,4,4,0.00,7.82,0.00,N/A
104.20.48.60,4,4,0.00,7.83,0.00,N/A
104.17.43.99,4,4,0.00,7.83,0.00,N/A
104.17.58.5,4,4,0.00,7.83,0.00,N/A
104.17.254.182,4,4,0.00,7.84,0.00,N/A
104.18.51.86,4,4,0.00,7.85,0.00,N/A
104.17.145.17,4,4,0.00,7.85,0.00,N/A
104.16.94.151,4,4,0.00,7.85,0.00,N/A
104.19.170.6,4,4,0.00,7.86,0.00,N/A
104.19.205.109,4,4,0.00,7.86,0.00,N/A
104.18.88.7,4,4,0.00,7.86,0.00,N/A
104.16.196.223,4,4,0.00,7.86,0.00,N/A
104.17.42.213,4,4,0.00,7.86,0.00,N/A
104.18.232.237,4,4,0.00,7.86,0.00,N/A
104.16.8.53,4,4,0.00,7.87,0.00,N/A
104.19.96.150,4,4,0.00,7.87,0.00,N/A
104.17.130.151,4,4,0.00,7.87,0.00,N/A
162.159.240.190,4,4,0.00,7.87,0.00,N/A
104.19.119.16,4,4,0.00,7.87,0.00,N/A
104.17.179.253,4,4,0.00,7.89,0.00,N/A
104.19.53.95,4,4,0.00,7.89,0.00,N/A
104.19.230.107,4,4,0.00,7.90,0.00,N/A
104.16.26.35,4,4,0.00,7.90,0.00,N/A
104.17.152.166,4,4,0.00,7.91,0.00,N/A
104.19.80.82,4,4,0.00,7.92,0.00,N/A
104.16.29.169,4,4,0.00,7.92,0.00,N/A
104.16.101.97,4,4,0.00,7.92,0.00,N/A
104.18.164.64,4,4,0.00,7.92,0.00,N/A
104.16.50.26,4,4,0.00,7.93,0.00,N/A
104.18.231.241,4,4,0.00,7.94,0.00,N/A
104.17.243.188,4,4,0.00,7.95,0.00,N/A
104.18.9.251,4,4,0.00,7.95,0.00,N/A
104.19.152.211,4,4,0.00,7.96,0.00,N/A
104.16.231.75,4,4,0.00,7.96,0.00,N/A
104.19.194.70,4,4,0.00,7.97,0.00,N/A
104.16.44.211,4,4,0.00,7.98,0.00,N/A
104.18.223.76,4,4,0.00,7.99,0.00,N/A
104.17.53.179,4,4,0.00,8.00,0.00,N/A
104.16.142.91,4,4,0.00,8.01,0.00,N/A
104.17.207.213,4,4,0.00,8.01,0.00,N/A
104.19.231.65,4,4,0.00,8.02,0.00,N/A
104.17.149.169,4,4,0.00,8.02,0.00,N/A
104.19.105.3,4,4,0.00,8.03,0.00,N/A
162.159.255.138,4,4,0.00,8.03,0.00,N/A
104.18.50.106,4,4,0.00,8.04,0.00,N/A
162.159.237.206,4,4,0.00,8.04,0.00,N/A
104.19.180.210,4,4,0.00,8.06,0.00,N/A
104.17.155.210,4,4,0.00,8.06,0.00,N/A
104.16.89.61,4,4,0.00,8.07,0.00,N/A
162.159.252.111,4,4,0.00,8.07,0.00,N/A
104.17.242.170,4,4,0.00,8.08,0.00,N/A
104.17.146.208,4,4,0.00,8.09,0.00,N/A
104.20.25.207,4,4,0.00,8.10,0.00,N/A
104.16.232.26,4,4,0.00,8.11,0.00,N/A
104.16.67.104,4,4,0.00,8.13,0.00,N/A
162.159.231.117,4,4,0.00,8.14,0.00,N/A
104.17.111.188,4,4,0.00,8.15,0.00,N/A
104.19.189.147,4,4,0.00,8.15,0.00,N/A
104.20.0.188,4,4,0.00,8.15,0.00,N/A
104.18.173.205,4,4,0.00,8.16,0.00,N/A
104.17.162.187,4,4,0.00,8.16,0.00,N/A
104.17.4.221,4,4,0.00,8.16,0.00,N/A
104.16.64.106,4,4,0.00,8.16,0.00,N/A
104.17.7.120,4,4,0.00,8.17,0.00,N/A
104.18.177.131,4,4,0.00,8.18,0.00,N/A
104.17.129.222,4,4,0.00,8.19,0.00,N/A
104.20.9.239,4,4,0.00,8.20,0.00,N/A
104.18.126.14,4,4,0.00,8.20,0.00,N/A
104.16.226.66,4,4,0.00,8.21,0.00,N/A
104.19.253.242,4,4,0.00,8.23,0.00,N/A
104.16.222.241,4,4,0.00,8.23,0.00,N/A
104.19.247.199,4,4,0.00,8.24,0.00,N/A
104.19.120.193,4,4,0.00,8.24,0.00,N/A
104.19.134.17,4,4,0.00,8.24,0.00,N/A
104.16.73.162,4,4,0.00,8.24,0.00,N/A
104.18.233.172,4,4,0.00,8.25,0.00,N/A
162.159.233.126,4,4,0.00,8.26,0.00,N/A
104.17.212.84,4,4,0.00,8.26,0.00,N/A
104.19.185.110,4,4,0.00,8.29,0.00,N/A
104.17.229.33,4,4,0.00,8.29,0.00,N/A
104.16.123.208,4,4,0.00,8.33,0.00,N/A
104.16.77.38,4,4,0.00,8.33,0.00,N/A
104.18.189.208,4,4,0.00,8.33,0.00,N/A
104.19.162.241,4,4,0.00,8.34,0.00,N/A
104.18.77.31,4,4,0.00,8.34,0.00,N/A
104.19.235.237,4,4,0.00,8.35,0.00,N/A
104.16.2.110,4,4,0.00,8.35,0.00,N/A
104.18.43.106,4,4,0.00,8.36,0.00,N/A
104.19.201.143,4,4,0.00,8.36,0.00,N/A
104.19.153.191,4,4,0.00,8.40,0.00,N/A
104.19.167.29,4,4,0.00,8.40,0.00,N/A
104.19.28.139,4,4,0.00,8.41,0.00,N/A
104.19.179.60,4,4,0.00,8.41,0.00,N/A
104.19.59.223,4,4,0.00,8.41,0.00,N/A
104.18.123.173,4,4,0.00,8.43,0.00,N/A
104.18.76.196,4,4,0.00,8.43,0.00,N/A
104.19.151.99,4,4,0.00,8.44,0.00,N/A
104.19.81.242,4,4,0.00,8.44,0.00,N/A
104.19.240.220,4,4,0.00,8.44,0.00,N/A
104.16.131.71,4,4,0.00,8.45,0.00,N/A
104.18.72.57,4,4,0.00,8.45,0.00,N/A
104.18.206.49,4,4,0.00,8.46,0.00,N/A
104.17.188.228,4,4,0.00,8.46,0.00,N/A
162.159.244.131,4,4,0.00,8.46,0.00,N/A
104.17.47.211,4,4,0.00,8.47,0.00,N/A
104.19.200.251,4,4,0.00,8.48,0.00,N/A
104.17.249.194,4,4,0.00,8.49,0.00,N/A
104.16.9.92,4,4,0.00,8.50,0.00,N/A
104.19.164.154,4,4,0.00,8.50,0.00,N/A
104.17.6.70,4,4,0.00,8.52,0.00,N/A
104.19.165.108,4,4,0.00,8.52,0.00,N/A
162.159.251.174,4,4,0.00,8.53,0.00,N/A
104.16.49.170,4,4,0.00,8.53,0.00,N/A
104.19.85.204,4,4,0.00,8.54,0.00,N/A
104.16.59.116,4,4,0.00,8.56,0.00,N/A
104.17.45.141,4,4,0.00,8.56,0.00,N/A
104.17.117.33,4,4,0.00,8.56,0.00,N/A
104.17.109.28,4,4,0.00,8.57,0.00,N/A
104.17.67.236,4,4,0.00,8.58,0.00,N/A
162.159.232.124,4,4,0.00,8.58,0.00,N/A
104.17.198.21,4,4,0.00,8.58,0.00,N/A
104.19.188.33,4,4,0.00,8.60,0.00,N/A
104.19.132.254,4,4,0.00,8.61,0.00,N/A
104.19.125.202,4,4,0.00,8.61,0.00,N/A
104.19.84.1,4,4,0.00,8.61,0.00,N/A
104.17.210.163,4,4,0.00,8.61,0.00,N/A
104.16.71.110,4,4,0.00,8.62,0.00,N/A
104.19.210.242,4,4,0.00,8.62,0.00,N/A
104.18.127.42,4,4,0.00,8.62,0.00,N/A
162.159.236.125,4,4,0.00,8.63,0.00,N/A
104.17.180.0,4,4,0.00,8.64,0.00,N/A
104.19.249.117,4,4,0.00,8.65,0.00,N/A
104.18.186.240,4,4,0.00,8.66,0.00,N/A
172.65.35.229,4,4,0.00,3.88,0.00,N/A
104.17.73.147,4,4,0.00,8.67,0.00,N/A
104.16.227.184,4,4,0.00,8.69,0.00,N/A
104.17.177.60,4,4,0.00,8.70,0.00,N/A
104.17.127.179,4,4,0.00,8.70,0.00,N/A
104.17.125.18,4,4,0.00,8.72,0.00,N/A
104.18.27.190,4,4,0.00,8.74,0.00,N/A
104.18.1.228,4,4,0.00,8.74,0.00,N/A
104.17.183.113,4,4,0.00,8.74,0.00,N/A
104.19.61.11,4,4,0.00,8.76,0.00,N/A
104.16.225.203,4,4,0.00,8.76,0.00,N/A
104.19.137.62,4,4,0.00,8.77,0.00,N/A
104.19.121.146,4,4,0.00,8.77,0.00,N/A
104.18.124.219,4,4,0.00,8.79,0.00,N/A
104.17.217.97,4,4,0.00,8.79,0.00,N/A
104.19.177.90,4,4,0.00,8.79,0.00,N/A
104.20.6.252,4,4,0.00,8.80,0.00,N/A
104.18.183.205,4,4,0.00,8.80,0.00,N/A
104.19.144.145,4,4,0.00,8.80,0.00,N/A
104.19.73.147,4,4,0.00,8.80,0.00,N/A
104.16.127.30,4,4,0.00,8.81,0.00,N/A
104.19.3.208,4,4,0.00,8.81,0.00,N/A
104.17.9.79,4,4,0.00,8.81,0.00,N/A
104.18.122.221,4,4,0.00,8.82,0.00,N/A
162.159.247.164,4,4,0.00,8.85,0.00,N/A
104.18.15.20,4,4,0.00,8.87,0.00,N/A
104.19.145.200,4,4,0.00,8.87,0.00,N/A
104.16.5.244,4,4,0.00,8.87,0.00,N/A
104.18.33.48,4,4,0.00,8.88,0.00,N/A
104.16.213.198,4,4,0.00,8.89,0.00,N/A
104.19.206.141,4,4,0.00,8.89,0.00,N/A
104.19.146.106,4,4,0.00,8.90,0.00,N/A
104.18.217.171,4,4,0.00,8.90,0.00,N/A
104.17.104.250,4,4,0.00,8.90,0.00,N/A
104.19.220.188,4,4,0.00,8.91,0.00,N/A
104.17.11.127,4,4,0.00,8.91,0.00,N/A
104.19.217.3,4,4,0.00,8.92,0.00,N/A
172.64.40.159,4,4,0.00,8.93,0.00,N/A
104.19.236.100,4,4,0.00,8.95,0.00,N/A
104.16.6.5,4,4,0.00,8.98,0.00,N/A
104.17.251.60,4,4,0.00,8.98,0.00,N/A
104.16.219.156,4,4,0.00,8.99,0.00,N/A
104.16.136.67,4,4,0.00,9.00,0.00,N/A
104.18.90.193,4,4,0.00,9.00,0.00,N/A
104.17.193.207,4,4,0.00,9.02,0.00,N/A
104.18.171.16,4,4,0.00,9.03,0.00,N/A
104.19.204.239,4,4,0.00,9.03,0.00,N/A
104.19.233.86,4,4,0.00,9.05,0.00,N/A
104.19.88.197,4,4,0.00,9.05,0.00,N/A
104.18.168.98,4,4,0.00,9.05,0.00,N/A
104.16.216.254,4,4,0.00,9.06,0.00,N/A
104.18.41.93,4,4,0.00,9.06,0.00,N/A
104.19.94.230,4,4,0.00,9.06,0.00,N/A
104.16.215.55,4,4,0.00,9.07,0.00,N/A
104.16.195.68,4,4,0.00,9.07,0.00,N/A
104.19.27.138,4,4,0.00,9.08,0.00,N/A
104.18.35.120,4,4,0.00,9.09,0.00,N/A
104.18.3.66,4,4,0.00,9.09,0.00,N/A
104.19.176.237,4,4,0.00,9.11,0.00,N/A
104.19.113.216,4,4,0.00,9.11,0.00,N/A
104.19.77.33,4,4,0.00,9.13,0.00,N/A
104.18.254.216,4,4,0.00,9.13,0.00,N/A
104.16.22.228,4,4,0.00,9.14,0.00,N/A
104.17.174.254,4,4,0.00,9.15,0.00,N/A
104.19.23.136,4,4,0.00,9.15,0.00,N/A
104.19.147.247,4,4,0.00,9.18,0.00,N/A
104.17.222.1,4,4,0.00,9.19,0.00,N/A
104.19.102.209,4,4,0.00,9.20,0.00,N/A
104.19.33.153,4,4,0.00,9.21,0.00,N/A
104.17.132.241,4,4,0.00,9.22,0.00,N/A
104.19.10.166,4,4,0.00,9.23,0.00,N/A
104.19.142.200,4,4,0.00,9.26,0.00,N/A
104.18.128.62,4,4,0.00,9.27,0.00,N/A
104.19.186.219,4,4,0.00,9.27,0.00,N/A
104.17.150.216,4,4,0.00,9.28,0.00,N/A
162.159.249.27,4,4,0.00,9.29,0.00,N/A
104.16.96.91,4,4,0.00,9.29,0.00,N/A
104.16.17.177,4,4,0.00,9.29,0.00,N/A
104.19.174.169,4,4,0.00,9.30,0.00,N/A
104.19.86.68,4,4,0.00,9.32,0.00,N/A
104.16.214.5,4,4,0.00,9.32,0.00,N/A
104.17.55.59,4,4,0.00,9.32,0.00,N/A
104.19.44.138,4,4,0.00,9.34,0.00,N/A
104.19.207.131,4,4,0.00,9.34,0.00,N/A
104.16.58.45,4,4,0.00,9.34,0.00,N/A
104.19.49.135,4,4,0.00,9.36,0.00,N/A
104.19.63.211,4,4,0.00,9.39,0.00,N/A
104.18.169.32,4,4,0.00,9.40,0.00,N/A
104.19.52.64,4,4,0.00,9.41,0.00,N/A
104.18.188.61,4,4,0.00,9.41,0.00,N/A
104.19.9.213,4,4,0.00,9.42,0.00,N/A
104.18.71.188,4,4,0.00,9.44,0.00,N/A
104.18.108.84,4,4,0.00,9.44,0.00,N/A
104.18.73.148,4,4,0.00,9.45,0.00,N/A
104.18.112.226,4,4,0.00,9.46,0.00,N/A
104.17.135.18,4,4,0.00,9.47,0.00,N/A
104.18.129.99,4,4,0.00,9.48,0.00,N/A
104.17.140.66,4,4,0.00,9.48,0.00,N/A
104.16.90.13,4,4,0.00,9.48,0.00,N/A
104.19.115.100,4,4,0.00,9.48,0.00,N/A
104.19.6.110,4,4,0.00,9.51,0.00,N/A
104.19.212.199,4,4,0.00,9.51,0.00,N/A
104.17.213.113,4,4,0.00,9.51,0.00,N/A
104.19.97.250,4,4,0.00,9.52,0.00,N/A
104.16.174.96,4,4,0.00,9.53,0.00,N/A
104.18.87.144,4,4,0.00,9.53,0.00,N/A
104.16.133.178,4,4,0.00,9.53,0.00,N/A
104.18.135.76,4,4,0.00,9.53,0.00,N/A
104.17.197.40,4,4,0.00,9.54,0.00,N/A
104.18.239.187,4,4,0.00,9.54,0.00,N/A
104.19.90.137,4,4,0.00,9.55,0.00,N/A
104.19.92.230,4,4,0.00,9.55,0.00,N/A
104.17.49.103,4,4,0.00,9.56,0.00,N/A
104.19.184.155,4,4,0.00,9.57,0.00,N/A
104.16.246.215,4,4,0.00,9.59,0.00,N/A
104.16.4.117,4,4,0.00,9.59,0.00,N/A
104.17.28.122,4,4,0.00,9.59,0.00,N/A
104.17.182.251,4,4,0.00,9.60,0.00,N/A
104.18.70.41,4,4,0.00,9.60,0.00,N/A
104.17.204.175,4,4,0.00,9.60,0.00,N/A
104.18.255.218,4,4,0.00,9.61,0.00,N/A
104.19.190.128,4,4,0.00,9.61,0.00,N/A
104.17.121.177,4,4,0.00,9.61,0.00,N/A
104.16.103.162,4,4,0.00,9.62,0.00,N/A
104.19.183.33,4,4,0.00,9.62,0.00,N/A
104.16.82.223,4,4,0.00,9.62,0.00,N/A
104.18.152.187,4,4,0.00,9.62,0.00,N/A
104.18.144.94,4,4,0.00,9.62,0.00,N/A
104.17.115.16,4,4,0.00,9.63,0.00,N/A
104.17.255.22,4,4,0.00,9.64,0.00,N/A
162.159.93.1,4,4,0.00,9.64,0.00,N/A
104.17.120.7,4,4,0.00,9.67,0.00,N/A
104.16.228.240,4,4,0.00,9.67,0.00,N/A
104.17.221.241,4,4,0.00,9.68,0.00,N/A
104.19.197.9,4,4,0.00,9.70,0.00,N/A
104.18.86.59,4,4,0.00,9.71,0.00,N/A
104.16.114.142,4,4,0.00,9.72,0.00,N/A
104.16.63.18,4,4,0.00,9.73,0.00,N/A
104.17.138.84,4,4,0.00,9.73,0.00,N/A
104.19.209.16,4,4,0.00,9.74,0.00,N/A
104.19.7.21,4,4,0.00,9.74,0.00,N/A
104.17.175.46,4,4,0.00,9.74,0.00,N/A
104.18.150.73,4,4,0.00,9.74,0.00,N/A
104.16.230.104,4,4,0.00,9.75,0.00,N/A
104.16.57.42,4,4,0.00,9.76,0.00,N/A
104.17.154.7,4,4,0.00,9.76,0.00,N/A
104.17.220.8,4,4,0.00,9.77,0.00,N/A
104.17.187.155,4,4,0.00,9.77,0.00,N/A
104.17.25.29,4,4,0.00,9.78,0.00,N/A
104.19.24.99,4,4,0.00,9.78,0.00,N/A
104.17.158.193,4,4,0.00,9.78,0.00,N/A
104.16.152.158,4,4,0.00,9.79,0.00,N/A
104.16.193.70,4,4,0.00,9.81,0.00,N/A
104.17.194.120,4,4,0.00,9.81,0.00,N/A
104.18.182.81,4,4,0.00,9.82,0.00,N/A
104.18.12.11,4,4,0.00,9.82,0.00,N/A
104.18.40.214,4,4,0.00,9.83,0.00,N/A
104.16.46.22,4,4,0.00,9.84,0.00,N/A
104.17.167.158,4,4,0.00,9.85,0.00,N/A
104.17.170.14,4,4,0.00,9.85,0.00,N/A
104.18.225.218,4,4,0.00,9.86,0.00,N/A
104.17.71.108,4,4,0.00,9.86,0.00,N/A
104.17.65.250,4,4,0.00,9.86,0.00,N/A
104.16.253.99,4,4,0.00,9.87,0.00,N/A
104.17.76.198,4,4,0.00,9.88,0.00,N/A
104.16.79.135,4,4,0.00,9.89,0.00,N/A
104.17.108.135,4,4,0.00,9.90,0.00,N/A
104.17.131.242,4,4,0.00,9.91,0.00,N/A
104.16.78.11,4,4,0.00,9.92,0.00,N/A
104.18.130.65,4,4,0.00,9.93,0.00,N/A
104.18.193.98,4,4,0.00,9.93,0.00,N/A
104.19.202.108,4,4,0.00,9.94,0.00,N/A
104.16.48.193,4,4,0.00,9.94,0.00,N/A
104.19.29.95,4,4,0.00,9.95,0.00,N/A
104.18.29.226,4,4,0.00,9.95,0.00,N/A
104.19.46.92,4,4,0.00,9.95,0.00,N/A
104.19.155.129,4,4,0.00,9.97,0.00,N/A
104.19.135.168,4,4,0.00,9.98,0.00,N/A
104.19.72.202,4,4,0.00,9.98,0.00,N/A
104.18.25.50,4,4,0.00,9.98,0.00,N/A
104.16.159.121,4,4,0.00,9.99,0.00,N/A
104.19.65.222,4,4,0.00,9.99,0.00,N/A
104.17.240.95,4,4,0.00,10.00,0.00,N/A
104.18.174.37,4,4,0.00,10.00,0.00,N/A
104.19.66.176,4,4,0.00,10.00,0.00,N/A
104.18.154.49,4,4,0.00,10.02,0.00,N/A
104.18.121.30,4,4,0.00,10.02,0.00,N/A
104.19.140.187,4,4,0.00,10.02,0.00,N/A
104.19.141.227,4,4,0.00,10.06,0.00,N/A
104.19.14.49,4,4,0.00,10.07,0.00,N/A
104.17.232.50,4,4,0.00,10.08,0.00,N/A
104.16.75.12,4,4,0.00,10.08,0.00,N/A
104.19.154.7,4,4,0.00,10.09,0.00,N/A
104.19.214.139,4,4,0.00,10.10,0.00,N/A
104.19.69.228,4,4,0.00,10.12,0.00,N/A
104.17.245.204,4,4,0.00,10.12,0.00,N/A
104.18.114.201,4,4,0.00,10.12,0.00,N/A
104.17.225.118,4,4,0.00,10.14,0.00,N/A
104.16.102.184,4,4,0.00,10.15,0.00,N/A
104.16.187.224,4,4,0.00,10.17,0.00,N/A
104.16.74.120,4,4,0.00,10.18,0.00,N/A
104.18.54.133,4,4,0.00,10.18,0.00,N/A
104.19.62.13,4,4,0.00,10.19,0.00,N/A
104.16.18.145,4,4,0.00,10.19,0.00,N/A
104.19.89.48,4,4,0.00,10.19,0.00,N/A
104.18.205.104,4,4,0.00,10.21,0.00,N/A
104.19.55.234,4,4,0.00,10.21,0.00,N/A
104.18.202.186,4,4,0.00,10.21,0.00,N/A
104.16.175.36,4,4,0.00,10.22,0.00,N/A
104.18.222.6,4,4,0.00,10.25,0.00,N/A
104.19.196.246,4,4,0.00,10.27,0.00,N/A
104.19.181.48,4,4,0.00,10.28,0.00,N/A
104.17.57.7,4,4,0.00,10.28,0.00,N/A
104.17.60.207,4,4,0.00,10.28,0.00,N/A
104.19.42.20,4,4,0.00,10.29,0.00,N/A
104.18.7.0,4,4,0.00,10.30,0.00,N/A
104.16.125.69,4,4,0.00,10.31,0.00,N/A
104.16.65.120,4,4,0.00,10.33,0.00,N/A
104.19.0.3,4,4,0.00,10.34,0.00,N/A
104.17.23.24,4,4,0.00,10.34,0.00,N/A
104.17.214.47,4,4,0.00,10.35,0.00,N/A
104.16.252.75,4,4,0.00,10.35,0.00,N/A
104.16.83.217,4,4,0.00,10.36,0.00,N/A
104.19.106.223,4,4,0.00,10.37,0.00,N/A
104.16.153.69,4,4,0.00,10.39,0.00,N/A
104.19.126.2,4,4,0.00,10.41,0.00,N/A
104.17.52.55,4,4,0.00,10.41,0.00,N/A
104.16.217.180,4,4,0.00,10.43,0.00,N/A
104.19.211.157,4,4,0.00,10.43,0.00,N/A
104.18.207.96,4,4,0.00,10.45,0.00,N/A
104.17.96.140,4,4,0.00,10.45,0.00,N/A
104.16.45.223,4,4,0.00,10.45,0.00,N/A
104.16.99.166,4,4,0.00,10.47,0.00,N/A
104.18.38.235,4,4,0.00,10.48,0.00,N/A
104.17.181.153,4,4,0.00,10.49,0.00,N/A
104.17.250.53,4,4,0.00,10.49,0.00,N/A
104.17.173.102,4,4,0.00,10.50,0.00,N/A
104.19.26.220,4,4,0.00,10.50,0.00,N/A
104.18.103.164,4,4,0.00,10.52,0.00,N/A
104.17.216.31,4,4,0.00,10.52,0.00,N/A
104.16.121.209,4,4,0.00,10.53,0.00,N/A
104.17.75.65,4,4,0.00,10.54,0.00,N/A
104.17.224.132,4,4,0.00,10.54,0.00,N/A
104.17.169.54,4,4,0.00,10.55,0.00,N/A
104.18.95.166,4,4,0.00,10.55,0.00,N/A
104.19.30.235,4,4,0.00,10.55,0.00,N/A
104.19.99.108,4,4,0.00,10.55,0.00,N/A
104.16.122.58,4,4,0.00,10.56,0.00,N/A
104.16.154.252,4,4,0.00,10.58,0.00,N/A
104.16.236.170,4,4,0.00,10.59,0.00,N/A
104.17.246.30,4,4,0.00,10.59,0.00,N/A
104.19.169.98,4,4,0.00,10.61,0.00,N/A
104.16.182.203,4,4,0.00,10.61,0.00,N/A
104.18.145.133,4,4,0.00,10.62,0.00,N/A
104.16.242.247,4,4,0.00,10.62,0.00,N/A
104.16.81.213,4,4,0.00,10.63,0.00,N/A
104.19.64.59,4,4,0.00,10.64,0.00,N/A
104.18.200.50,4,4,0.00,10.65,0.00,N/A
104.19.114.160,4,4,0.00,10.66,0.00,N/A
104.16.162.175,4,4,0.00,10.68,0.00,N/A
104.18.34.141,4,4,0.00,10.69,0.00,N/A
104.17.157.156,4,4,0.00,10.69,0.00,N/A
104.16.250.118,4,4,0.00,10.72,0.00,N/A
104.17.233.187,4,4,0.00,10.73,0.00,N/A
104.16.241.49,4,4,0.00,10.73,0.00,N/A
104.16.132.49,4,4,0.00,10.75,0.00,N/A
104.19.71.31,4,4,0.00,10.76,0.00,N/A
104.16.43.127,4,4,0.00,10.77,0.00,N/A
104.18.134.240,4,4,0.00,10.80,0.00,N/A
162.159.254.241,4,4,0.00,10.80,0.00,N/A
104.17.168.172,4,4,0.00,10.82,0.00,N/A
104.19.128.50,4,4,0.00,10.82,0.00,N/A
104.17.10.251,4,4,0.00,10.82,0.00,N/A
104.16.245.85,4,4,0.00,10.82,0.00,N/A
104.18.57.22,4,4,0.00,10.83,0.00,N/A
104.17.29.240,4,4,0.00,10.83,0.00,N/A
104.18.8.125,4,4,0.00,10.84,0.00,N/A
104.17.13.210,4,4,0.00,10.84,0.00,N/A
104.19.58.121,4,4,0.00,10.85,0.00,N/A
104.18.184.219,4,4,0.00,10.85,0.00,N/A
104.18.211.110,4,4,0.00,10.86,0.00,N/A
104.17.215.24,4,4,0.00,10.87,0.00,N/A
104.18.209.106,4,4,0.00,10.88,0.00,N/A
104.17.178.41,4,4,0.00,10.89,0.00,N/A
104.17.35.112,4,4,0.00,10.89,0.00,N/A
104.16.171.100,4,4,0.00,10.89,0.00,N/A
104.16.47.112,4,4,0.00,10.90,0.00,N/A
104.17.231.28,4,4,0.00,10.91,0.00,N/A
104.19.22.90,4,4,0.00,10.92,0.00,N/A
104.18.250.39,4,4,0.00,10.92,0.00,N/A
104.18.2.18,4,4,0.00,10.92,0.00,N/A
104.17.189.32,4,4,0.00,10.94,0.00,N/A
104.18.153.196,4,4,0.00,10.94,0.00,N/A
104.17.136.23,4,4,0.00,10.94,0.00,N/A
104.16.25.73,4,4,0.00,10.95,0.00,N/A
104.18.26.79,4,4,0.00,10.96,0.00,N/A
104.18.22.159,4,4,0.00,10.97,0.00,N/A
104.18.105.12,4,4,0.00,10.98,0.00,N/A
104.17.208.66,4,4,0.00,10.98,0.00,N/A
104.19.31.142,4,4,0.00,10.99,0.00,N/A
104.16.183.172,4,4,0.00,11.01,0.00,N/A
104.18.30.153,4,4,0.00,11.01,0.00,N/A
104.19.117.117,4,4,0.00,11.01,0.00,N/A
104.18.102.170,4,4,0.00,11.02,0.00,N/A
104.18.151.173,4,4,0.00,11.03,0.00,N/A
104.18.226.116,4,4,0.00,11.03,0.00,N/A
104.16.128.70,4,4,0.00,11.05,0.00,N/A
104.19.34.254,4,4,0.00,11.06,0.00,N/A
104.16.192.141,4,4,0.00,11.06,0.00,N/A
104.16.237.60,4,4,0.00,11.06,0.00,N/A
104.16.150.9,4,4,0.00,11.08,0.00,N/A
104.16.119.128,4,4,0.00,11.09,0.00,N/A
104.18.136.185,4,4,0.00,11.10,0.00,N/A
104.19.138.130,4,4,0.00,11.12,0.00,N/A
104.17.19.17,4,4,0.00,11.14,0.00,N/A
104.16.223.196,4,4,0.00,11.14,0.00,N/A
104.17.107.49,4,4,0.00,11.14,0.00,N/A
104.19.37.106,4,4,0.00,11.15,0.00,N/A
104.16.179.71,4,4,0.00,11.15,0.00,N/A
104.17.160.36,4,4,0.00,11.15,0.00,N/A
104.16.109.248,4,4,0.00,11.15,0.00,N/A
104.18.229.166,4,4,0.00,11.16,0.00,N/A
104.18.6.95,4,4,0.00,11.16,0.00,N/A
104.17.226.19,4,4,0.00,11.17,0.00,N/A
104.16.239.210,4,4,0.00,11.18,0.00,N/A
104.16.141.151,4,4,0.00,11.18,0.00,N/A
104.19.166.151,4,4,0.00,11.19,0.00,N/A
104.17.211.236,4,4,0.00,11.23,0.00,N/A
104.18.106.104,4,4,0.00,11.23,0.00,N/A
104.18.203.42,4,4,0.00,11.24,0.00,N/A
104.17.165.197,4,4,0.00,11.24,0.00,N/A
104.18.31.148,4,4,0.00,11.25,0.00,N/A
104.19.67.218,4,4,0.00,11.26,0.00,N/A
104.16.69.83,4,4,0.00,11.26,0.00,N/A
104.16.163.69,4,4,0.00,11.28,0.00,N/A
104.17.195.25,4,4,0.00,11.30,0.00,N/A
104.17.87.141,4,4,0.00,11.30,0.00,N/A
104.18.192.111,4,4,0.00,11.31,0.00,N/A
104.16.169.223,4,4,0.00,11.32,0.00,N/A
104.19.91.66,4,4,0.00,11.32,0.00,N/A
104.17.77.17,4,4,0.00,11.35,0.00,N/A
104.19.45.242,4,4,0.00,11.35,0.00,N/A
104.16.120.103,4,4,0.00,11.35,0.00,N/A
104.19.116.208,4,4,0.00,11.36,0.00,N/A
104.19.107.242,4,4,0.00,11.36,0.00,N/A
104.16.98.127,4,4,0.00,11.38,0.00,N/A
104.16.177.44,4,4,0.00,11.39,0.00,N/A
104.17.126.196,4,4,0.00,11.40,0.00,N/A
104.16.151.21,4,4,0.00,11.43,0.00,N/A
104.18.28.250,4,4,0.00,11.43,0.00,N/A
104.18.240.212,4,4,0.00,11.44,0.00,N/A
104.18.191.218,4,4,0.00,11.44,0.00,N/A
104.18.117.206,4,4,0.00,11.44,0.00,N/A
104.17.199.175,4,4,0.00,11.45,0.00,N/A
104.16.235.240,4,4,0.00,11.45,0.00,N/A
104.18.190.155,4,4,0.00,11.45,0.00,N/A
104.18.156.88,4,4,0.00,11.46,0.00,N/A
104.18.147.4,4,4,0.00,11.46,0.00,N/A
104.18.194.99,4,4,0.00,11.46,0.00,N/A
104.19.21.95,4,4,0.00,11.47,0.00,N/A
104.17.44.72,4,4,0.00,11.50,0.00,N/A
104.17.248.166,4,4,0.00,11.51,0.00,N/A
104.17.196.182,4,4,0.00,11.51,0.00,N/A
104.18.178.218,4,4,0.00,11.51,0.00,N/A
104.17.101.194,4,4,0.00,11.51,0.00,N/A
104.17.38.171,4,4,0.00,11.54,0.00,N/A
104.16.115.20,4,4,0.00,11.55,0.00,N/A
104.17.192.218,4,4,0.00,11.56,0.00,N/A
104.16.168.246,4,4,0.00,11.56,0.00,N/A
104.16.161.54,4,4,0.00,11.58,0.00,N/A
104.17.205.103,4,4,0.00,11.59,0.00,N/A
104.16.41.230,4,4,0.00,11.60,0.00,N/A
104.19.39.78,4,4,0.00,11.60,0.00,N/A
104.18.94.155,4,4,0.00,11.61,0.00,N/A
104.19.111.93,4,4,0.00,11.61,0.00,N/A
104.17.236.16,4,4,0.00,11.61,0.00,N/A
104.18.237.226,4,4,0.00,11.66,0.00,N/A
104.16.21.146,4,4,0.00,11.67,0.00,N/A
104.19.136.71,4,4,0.00,11.68,0.00,N/A
104.18.195.166,4,4,0.00,11.68,0.00,N/A
104.16.53.149,4,4,0.00,11.68,0.00,N/A
104.17.18.34,4,4,0.00,11.68,0.00,N/A
104.19.87.236,4,4,0.00,11.69,0.00,N/A
104.17.166.81,4,4,0.00,11.69,0.00,N/A
104.17.20.40,4,4,0.00,11.70,0.00,N/A
104.18.47.111,4,4,0.00,11.71,0.00,N/A
104.17.59.244,4,4,0.00,11.71,0.00,N/A
104.17.235.62,4,4,0.00,11.72,0.00,N/A
104.16.104.7,4,4,0.00,11.72,0.00,N/A
104.17.142.107,4,4,0.00,11.72,0.00,N/A
104.19.118.224,4,4,0.00,11.73,0.00,N/A
104.19.13.254,4,4,0.00,11.73,0.00,N/A
104.19.148.205,4,4,0.00,11.73,0.00,N/A
104.18.96.182,4,4,0.00,11.74,0.00,N/A
104.18.65.36,4,4,0.00,11.74,0.00,N/A
104.17.106.179,4,4,0.00,11.75,0.00,N/A
104.16.31.113,4,4,0.00,11.75,0.00,N/A
104.16.34.251,4,4,0.00,11.78,0.00,N/A
104.16.112.111,4,4,0.00,11.80,0.00,N/A
104.18.98.187,4,4,0.00,11.82,0.00,N/A
104.17.86.239,4,4,0.00,11.84,0.00,N/A
104.16.76.136,4,4,0.00,11.84,0.00,N/A
104.18.247.163,4,4,0.00,11.84,0.00,N/A
104.18.20.208,4,4,0.00,11.86,0.00,N/A
104.17.153.162,4,4,0.00,11.87,0.00,N/A
104.19.41.26,4,4,0.00,11.88,0.00,N/A
104.17.100.106,4,4,0.00,11.91,0.00,N/A
104.18.220.4,4,4,0.00,11.91,0.00,N/A
104.16.139.137,4,4,0.00,11.92,0.00,N/A
104.19.130.143,4,4,0.00,11.93,0.00,N/A
104.17.172.184,4,4,0.00,11.94,0.00,N/A
104.16.3.164,4,4,0.00,11.94,0.00,N/A
104.18.244.56,4,4,0.00,11.94,0.00,N/A
104.17.159.27,4,4,0.00,11.95,0.00,N/A
104.18.60.135,4,4,0.00,11.95,0.00,N/A
104.19.104.223,4,4,0.00,11.95,0.00,N/A
104.18.238.172,4,4,0.00,11.96,0.00,N/A
104.19.100.18,4,4,0.00,11.98,0.00,N/A
104.16.129.90,4,4,0.00,11.99,0.00,N/A
104.17.83.206,4,4,0.00,11.99,0.00,N/A
104.16.204.66,4,4,0.00,11.99,0.00,N/A
104.18.208.37,4,4,0.00,12.00,0.00,N/A
104.18.111.137,4,4,0.00,12.03,0.00,N/A
104.17.40.217,4,4,0.00,12.04,0.00,N/A
104.17.26.168,4,4,0.00,12.04,0.00,N/A
104.18.155.215,4,4,0.00,12.05,0.00,N/A
104.16.118.163,4,4,0.00,12.06,0.00,N/A
104.17.241.234,4,4,0.00,12.06,0.00,N/A
104.19.79.231,4,4,0.00,12.06,0.00,N/A
104.19.57.231,4,4,0.00,12.09,0.00,N/A
104.16.220.116,4,4,0.00,12.09,0.00,N/A
104.18.110.50,4,4,0.00,12.09,0.00,N/A
104.18.201.7,4,4,0.00,12.09,0.00,N/A
104.19.36.103,4,4,0.00,12.12,0.00,N/A
104.17.82.243,4,4,0.00,12.14,0.00,N/A
104.19.40.109,4,4,0.00,12.14,0.00,N/A
104.18.80.249,4,4,0.00,12.16,0.00,N/A
104.16.138.14,4,4,0.00,12.20,0.00,N/A
104.18.5.45,4,4,0.00,12.20,0.00,N/A
104.18.185.58,4,4,0.00,12.21,0.00,N/A
104.19.20.9,4,4,0.00,12.22,0.00,N/A
104.18.64.249,4,4,0.00,12.23,0.00,N/A
104.16.106.182,4,4,0.00,12.23,0.00,N/A
104.17.234.189,4,4,0.00,12.24,0.00,N/A
104.18.16.56,4,4,0.00,12.27,0.00,N/A
104.19.47.238,4,4,0.00,12.31,0.00,N/A
104.17.202.2,4,4,0.00,12.33,0.00,N/A
104.19.32.90,4,4,0.00,12.34,0.00,N/A
104.18.101.199,4,4,0.00,12.38,0.00,N/A
104.16.105.191,4,4,0.00,12.39,0.00,N/A
104.17.22.176,4,4,0.00,12.40,0.00,N/A
104.19.110.90,4,4,0.00,12.40,0.00,N/A
104.18.149.42,4,4,0.00,12.42,0.00,N/A
104.17.34.115,4,4,0.00,12.43,0.00,N/A
104.18.37.176,4,4,0.00,12.44,0.00,N/A
104.18.180.97,4,4,0.00,12.45,0.00,N/A
104.18.242.53,4,4,0.00,12.46,0.00,N/A
104.17.79.202,4,4,0.00,12.46,0.00,N/A
104.16.16.111,4,4,0.00,12.49,0.00,N/A
104.16.137.212,4,4,0.00,12.49,0.00,N/A
104.16.116.118,4,4,0.00,12.50,0.00,N/A
104.18.199.3,4,4,0.00,12.51,0.00,N/A
104.19.56.133,4,4,0.00,12.51,0.00,N/A
104.16.206.247,4,4,0.00,12.51,0.00,N/A
104.16.92.68,4,4,0.00,12.52,0.00,N/A
104.19.16.194,4,4,0.00,12.53,0.00,N/A
104.16.117.89,4,4,0.00,12.54,0.00,N/A
104.19.48.110,4,4,0.00,12.56,0.00,N/A
104.19.60.154,4,4,0.00,12.58,0.00,N/A
104.18.252.164,4,4,0.00,12.61,0.00,N/A
104.17.84.67,4,4,0.00,12.63,0.00,N/A
104.19.25.145,4,4,0.00,12.63,0.00,N/A
104.18.79.229,4,4,0.00,12.63,0.00,N/A
104.17.97.7,4,4,0.00,12.63,0.00,N/A
104.18.10.60,4,4,0.00,12.68,0.00,N/A
104.16.111.17,4,4,0.00,12.72,0.00,N/A
104.16.200.46,4,4,0.00,12.73,0.00,N/A
104.17.206.5,4,4,0.00,12.74,0.00,N/A
104.16.194.97,4,4,0.00,12.75,0.00,N/A
104.18.245.94,4,4,0.00,12.75,0.00,N/A
104.18.212.242,4,4,0.00,12.77,0.00,N/A
162.159.39.105,4,4,0.00,12.78,0.00,N/A
104.17.41.208,4,4,0.00,12.82,0.00,N/A
104.19.139.38,4,4,0.00,12.84,0.00,N/A
104.18.158.129,4,4,0.00,12.85,0.00,N/A
104.16.56.234,4,4,0.00,12.86,0.00,N/A
104.17.15.159,4,4,0.00,12.86,0.00,N/A
104.16.208.85,4,4,0.00,12.88,0.00,N/A
104.18.66.214,4,4,0.00,12.92,0.00,N/A
104.18.113.31,4,4,0.00,12.94,0.00,N/A
104.17.32.97,4,4,0.00,12.95,0.00,N/A
104.18.99.106,4,4,0.00,12.96,0.00,N/A
104.16.165.36,4,4,0.00,13.00,0.00,N/A
104.16.247.223,4,4,0.00,13.01,0.00,N/A
104.18.75.131,4,4,0.00,13.05,0.00,N/A
104.19.75.67,4,4,0.00,13.06,0.00,N/A
104.19.54.232,4,4,0.00,13.07,0.00,N/A
104.16.240.210,4,4,0.00,13.07,0.00,N/A
104.17.227.2,4,4,0.00,13.07,0.00,N/A
104.19.12.36,4,4,0.00,13.07,0.00,N/A
104.16.140.244,4,4,0.00,13.08,0.00,N/A
104.19.35.232,4,4,0.00,13.09,0.00,N/A
104.18.62.20,4,4,0.00,13.09,0.00,N/A
104.18.59.127,4,4,0.00,13.13,0.00,N/A
104.16.238.152,4,4,0.00,13.13,0.00,N/A
104.19.18.45,4,4,0.00,13.13,0.00,N/A
104.16.170.46,4,4,0.00,13.17,0.00,N/A
104.16.233.92,4,4,0.00,13.18,0.00,N/A
104.18.196.223,4,4,0.00,13.21,0.00,N/A
104.17.24.100,4,4,0.00,13.23,0.00,N/A
104.17.119.82,4,4,0.00,13.25,0.00,N/A
104.17.48.21,4,4,0.00,13.28,0.00,N/A
104.19.17.202,4,4,0.00,13.29,0.00,N/A
104.18.198.61,4,4,0.00,13.29,0.00,N/A
104.18.19.181,4,4,0.00,13.30,0.00,N/A
104.17.74.165,4,4,0.00,13.31,0.00,N/A
104.18.11.251,4,4,0.00,13.32,0.00,N/A
104.18.24.131,4,4,0.00,13.33,0.00,N/A
104.18.219.245,4,4,0.00,13.36,0.00,N/A
104.16.91.186,4,4,0.00,13.37,0.00,N/A
104.17.17.58,4,4,0.00,13.38,0.00,N/A
104.18.162.121,4,4,0.00,13.40,0.00,N/A
104.18.224.176,4,4,0.00,13.41,0.00,N/A
104.18.163.247,4,4,0.00,13.42,0.00,N/A
104.16.87.12,4,4,0.00,13.43,0.00,N/A
104.17.33.40,4,4,0.00,13.43,0.00,N/A
104.18.227.84,4,4,0.00,13.44,0.00,N/A
104.16.188.78,4,4,0.00,13.44,0.00,N/A
104.19.11.113,4,4,0.00,13.49,0.00,N/A
104.16.113.34,4,4,0.00,13.50,0.00,N/A
104.19.70.158,4,4,0.00,13.53,0.00,N/A
104.19.15.222,4,4,0.00,13.55,0.00,N/A
104.18.23.98,4,4,0.00,13.55,0.00,N/A
104.16.201.10,4,4,0.00,13.56,0.00,N/A
104.17.102.166,4,4,0.00,13.58,0.00,N/A
104.18.21.170,4,4,0.00,13.58,0.00,N/A
104.16.20.229,4,4,0.00,13.59,0.00,N/A
104.17.50.138,4,4,0.00,13.61,0.00,N/A
104.19.4.225,4,4,0.00,13.63,0.00,N/A
104.17.219.25,4,4,0.00,13.63,0.00,N/A
104.17.78.44,4,4,0.00,13.64,0.00,N/A
104.16.197.50,4,4,0.00,13.64,0.00,N/A
104.18.97.142,4,4,0.00,13.65,0.00,N/A
104.17.5.78,4,4,0.00,13.65,0.00,N/A
104.17.191.2,4,4,0.00,13.71,0.00,N/A
104.16.157.102,4,4,0.00,13.73,0.00,N/A
104.17.218.14,4,4,0.00,13.75,0.00,N/A
104.17.30.118,4,4,0.00,13.76,0.00,N/A
104.16.190.84,4,4,0.00,13.76,0.00,N/A
104.16.180.46,4,4,0.00,13.77,0.00,N/A
104.19.112.97,4,4,0.00,13.78,0.00,N/A
104.16.158.236,4,4,0.00,13.78,0.00,N/A
104.18.148.8,4,4,0.00,13.78,0.00,N/A
104.17.90.140,4,4,0.00,13.80,0.00,N/A
104.16.173.103,4,4,0.00,13.81,0.00,N/A
104.17.122.80,4,4,0.00,13.83,0.00,N/A
104.17.110.176,4,4,0.00,13.87,0.00,N/A
104.17.105.174,4,4,0.00,13.87,0.00,N/A
104.18.157.222,4,4,0.00,13.87,0.00,N/A
104.17.118.220,4,4,0.00,13.88,0.00,N/A
104.17.68.41,4,4,0.00,13.88,0.00,N/A
104.16.203.225,4,4,0.00,13.90,0.00,N/A
104.16.172.187,4,4,0.00,13.95,0.00,N/A
104.18.243.141,4,4,0.00,13.96,0.00,N/A
104.17.27.123,4,4,0.00,14.01,0.00,N/A
104.16.108.128,4,4,0.00,14.03,0.00,N/A
104.17.51.7,4,4,0.00,14.04,0.00,N/A
104.17.239.204,4,4,0.00,14.11,0.00,N/A
104.17.31.100,4,4,0.00,14.11,0.00,N/A
104.16.209.217,4,4,0.00,14.12,0.00,N/A
104.18.133.169,4,4,0.00,14.12,0.00,N/A
104.17.161.1,4,4,0.00,14.14,0.00,N/A
104.17.103.158,4,4,0.00,14.16,0.00,N/A
104.18.36.90,4,4,0.00,14.23,0.00,N/A
104.18.100.196,4,4,0.00,14.23,0.00,N/A
104.17.94.26,4,4,0.00,14.26,0.00,N/A
104.18.213.217,4,4,0.00,14.27,0.00,N/A
104.17.98.86,4,4,0.00,14.29,0.00,N/A
104.17.230.133,4,4,0.00,14.31,0.00,N/A
104.16.185.98,4,4,0.00,14.31,0.00,N/A
104.16.186.147,4,4,0.00,14.32,0.00,N/A
104.16.147.63,4,4,0.00,14.38,0.00,N/A
104.18.109.30,4,4,0.00,14.47,0.00,N/A
104.16.205.203,4,4,0.00,14.48,0.00,N/A
104.18.67.44,4,4,0.00,14.54,0.00,N/A
104.17.89.222,4,4,0.00,14.55,0.00,N/A
104.16.164.37,4,4,0.00,14.56,0.00,N/A
104.17.203.62,4,4,0.00,14.56,0.00,N/A
104.18.142.2,4,4,0.00,14.57,0.00,N/A
104.17.80.160,4,4,0.00,14.59,0.00,N/A
104.19.2.49,4,4,0.00,14.69,0.00,N/A
104.18.69.228,4,4,0.00,14.71,0.00,N/A
104.16.198.26,4,4,0.00,14.71,0.00,N/A
104.18.181.245,4,4,0.00,14.73,0.00,N/A
104.18.179.51,4,4,0.00,14.74,0.00,N/A
104.18.215.252,4,4,0.00,14.75,0.00,N/A
104.17.238.48,4,4,0.00,14.76,0.00,N/A
104.18.167.60,4,4,0.00,14.76,0.00,N/A
104.19.43.145,4,4,0.00,14.78,0.00,N/A
104.16.95.181,4,4,0.00,14.82,0.00,N/A
104.17.14.68,4,4,0.00,14.83,0.00,N/A
104.17.190.113,4,4,0.00,14.83,0.00,N/A
104.18.176.240,4,4,0.00,14.84,0.00,N/A
104.17.237.95,4,4,0.00,14.88,0.00,N/A
104.17.116.58,4,4,0.00,14.98,0.00,N/A
104.16.229.150,4,4,0.00,15.02,0.00,N/A
104.18.161.39,4,4,0.00,15.02,0.00,N/A
104.19.38.230,4,4,0.00,15.03,0.00,N/A
104.18.74.246,4,4,0.00,15.05,0.00,N/A
104.17.200.113,4,4,0.00,15.12,0.00,N/A
104.16.110.4,4,4,0.00,15.12,0.00,N/A
104.17.85.218,4,4,0.00,15.14,0.00,N/A
104.16.160.43,4,4,0.00,15.17,0.00,N/A
104.17.92.120,4,4,0.00,15.18,0.00,N/A
104.16.210.200,4,4,0.00,15.29,0.00,N/A
104.18.18.137,4,4,0.00,15.31,0.00,N/A
104.16.93.156,4,4,0.00,15.35,0.00,N/A
104.16.130.152,4,4,0.00,15.44,0.00,N/A
104.16.100.253,4,4,0.00,15.48,0.00,N/A
104.17.36.243,4,4,0.00,15.51,0.00,N/A
104.18.55.110,4,4,0.00,15.59,0.00,N/A
104.17.201.218,4,4,0.00,15.61,0.00,N/A
104.16.184.41,4,4,0.00,15.67,0.00,N/A
104.18.175.210,4,4,0.00,15.80,0.00,N/A
104.18.160.102,4,4,0.00,15.93,0.00,N/A
104.17.137.187,4,4,0.00,16.02,0.00,N/A
104.17.112.231,4,4,0.00,16.07,0.00,N/A
104.16.178.105,4,4,0.00,16.10,0.00,N/A
104.18.197.184,4,4,0.00,16.15,0.00,N/A
104.17.99.67,4,4,0.00,16.21,0.00,N/A
104.18.68.117,4,4,0.00,16.22,0.00,N/A
104.16.191.187,4,4,0.00,16.22,0.00,N/A
104.16.234.254,4,4,0.00,16.23,0.00,N/A
104.18.107.65,4,4,0.00,16.33,0.00,N/A
104.18.132.29,4,4,0.00,16.35,0.00,N/A
104.17.91.187,4,4,0.00,16.42,0.00,N/A
104.17.114.32,4,4,0.00,16.44,0.00,N/A
104.18.159.214,4,4,0.00,16.49,0.00,N/A
104.18.172.249,4,4,0.00,16.54,0.00,N/A
104.16.211.44,4,4,0.00,16.58,0.00,N/A
104.18.204.21,4,4,0.00,16.59,0.00,N/A
104.16.199.60,4,4,0.00,16.59,0.00,N/A
104.17.147.236,4,4,0.00,16.66,0.00,N/A
162.159.45.113,4,4,0.00,16.68,0.00,N/A
104.17.134.66,4,4,0.00,16.73,0.00,N/A
104.17.93.16,4,4,0.00,16.78,0.00,N/A
104.16.189.143,4,4,0.00,17.09,0.00,N/A
104.16.97.65,4,4,0.00,18.01,0.00,N/A
104.17.95.177,4,4,0.00,18.27,0.00,N/A
104.17.113.4,4,4,0.00,18.56,0.00,N/A
104.21.234.1,4,4,0.00,18.77,0.00,N/A
104.21.233.236,4,4,0.00,18.79,0.00,N/A
104.21.232.61,4,4,0.00,18.82,0.00,N/A
104.21.239.170,4,4,0.00,18.84,0.00,N/A
104.21.228.31,4,4,0.00,18.85,0.00,N/A
104.21.231.199,4,4,0.00,18.88,0.00,N/A
104.21.235.121,4,4,0.00,18.88,0.00,N/A
104.21.225.223,4,4,0.00,18.88,0.00,N/A
104.21.226.224,4,4,0.00,18.89,0.00,N/A
104.21.230.237,4,4,0.00,18.91,0.00,N/A
104.21.237.54,4,4,0.00,18.98,0.00,N/A
104.21.224.59,4,4,0.00,18.99,0.00,N/A
104.21.227.132,4,4,0.00,19.13,0.00,N/A
162.159.38.246,4,4,0.00,19.34,0.00,N/A
162.159.44.69,4,4,0.00,19.52,0.00,N/A
104.29.152.224,4,4,0.00,19.68,0.00,N/A
104.18.17.58,4,4,0.00,19.71,0.00,N/A
104.21.236.171,4,4,0.00,20.15,0.00,N/A
104.21.238.161,4,4,0.00,20.31,0.00,N/A
104.21.229.166,4,4,0.00,20.43,0.00,N/A
104.29.159.111,4,4,0.00,22.42,0.00,N/A
172.64.78.46,4,4,0.00,27.90,0.00,N/A
104.29.158.198,4,4,0.00,43.03,0.00,N/A
172.64.234.173,4,4,0.00,48.14,0.00,N/A
103.31.4.253,4,4,0.00,49.31,0.00,N/A
162.159.224.25,4,4,0.00,49.64,0.00,N/A
162.159.234.34,4,4,0.00,51.40,0.00,N/A
104.29.155.33,4,4,0.00,61.99,0.00,N/A
104.29.156.71,4,4,0.00,72.64,0.00,N/A
162.159.160.125,4,4,0.00,130.57,0.00,N/A
104.29.126.72,4,4,0.00,133.81,0.00,N/A
104.30.129.63,4,4,0.00,134.03,0.00,N/A
104.29.111.21,4,4,0.00,137.44,0.00,N/A
104.29.124.128,4,4,0.00,142.80,0.00,N/A
104.29.127.40,4,4,0.00,143.22,0.00,N/A
104.29.153.183,4,4,0.00,145.48,0.00,N/A
104.29.157.197,4,4,0.00,146.58,0.00,N/A
104.29.151.80,4,4,0.00,146.62,0.00,N/A
104.29.136.194,4,4,0.00,153.14,0.00,N/A
104.29.125.87,4,4,0.00,153.17,0.00,N/A
104.29.146.151,4,4,0.00,153.56,0.00,N/A
104.29.147.227,4,4,0.00,154.12,0.00,N/A
104.29.132.44,4,4,0.00,160.95,0.00,N/A
104.29.141.217,4,4,0.00,175.48,0.00,N/A
104.29.140.202,4,4,0.00,176.70,0.00,N/A
104.29.142.69,4,4,0.00,178.51,0.00,N/A
104.29.143.242,4,4,0.00,180.38,0.00,N/A
103.21.244.11,4,4,0.00,181.92,0.00,N/A
